label	descrip
0	咨询社保问题
1	滚
0	转人工服务
0	我这张卡没有绑定银行卡哎现在老家要要这张卡要打钱进去没办法打进去我现在该怎么办
0	我想要人工服务
0	哦我们这边有一个员工已经提到退休了但是现在因为不小心操作给他身边的社保那这边会不会对他的那个退休待遇有所影响
0	我想请问一下广东省深圳市国家税务局通用机打发票是否还有效
0	额就是我今天动画实名认证了这个税务上面的一些问题吗然后的话然后再进行在微信公众号里面的话就是怎么样子去查询我这个到底就是有没有认证成功的以及下一步进行什么样的操作是怎样一个流程呢
0	嗯
0	嗯我是说我们买的东西那个税该谁收
0	汇总备案登记以后的分公司如果注销要填哪些报表
0	你们厂要招人人工服务
0	哦税款被锁死的话要怎么处理
0	收不到动态吗
0	啊
0	哦哦我想问一下我在那个进行个税的人员信息采集的时候他显示我在系统登记的手机号码为零我想问一下在哪里绑定手机号码
0	个体户的个人经营所得税的年报在哪里申报
0	社保扣完了但是金额不一样
0	嗯我瞌睡为什么会申报不成功啊他信息提示说是自然的没有尉健行自然人信息采集但是自然的信息采集我已经帮他们去做了为什么还是申报不成功呢
0	我这边家具的姐能那么低贱完之后变成负数那怎么怎么申报
1	好个屁啊
0	个人所得税扣缴上传那个个人
0	我这个生病了啥啊
0	不用啦不用动了
0	跨区域申报城镇土地使用税在哪个地方申报
0	转人工服务
0	哦我说说我那个税款计算那个密码时它提示的是系统异常
1	你是不是傻逼呀
0	外籍人员不记得自己的路线时间怎么办
0	增值税发票系统升级版证书驱动
0	人工服务
0	企业所得税申报
0	个人所得税生产纳税经营所得税申报表
0	哦我四月份冲红了三张专用发两张专用发票三年的五月份
0	国人说的谁在哪里查询
0	嗯你好这是我外国人外国人工资薪金他一到三月份的收入他不会累计到我这个月请问这个要怎么处理
0	请问我刚才从农业银行扣掉三百二这是什么
0	哦你好不需要帮我转接人工
0	喂
0	二宝
0	帮我转接人工服务
0	八拍电视的处罚是怎样死的发票丢失的处罚
0	请问怎么开发票
0	这个号转发这个
0	个人所得税减免需要提交资料给公司吗
0	木马
0	个体户如何注销
0	酷狗转人工
0	喂现在哪些业务可以实现全程东通办
0	我什么狗嘴这个他身高是百分之一百
0	随军家属开办企业怎么办理税务优惠
0	麻烦帮我揿人工服务
0	关于个税申报的具体操作方法
0	我想增肥哦咨询关于发票的问题
0	哦你好我我我我这边我想问一下我跟小孩是绑定那个一是保了他那个银行卡不记得了你那边可不可以帮我查的到
1	废物
0	晚上带开发票耶埋死
0	个税客户端企业的初始申报密码是什么
0	你好我想问一下那个各种工伤叮咛所得抱这个睡的时候我没事巨石巨石一角吧啊然后收入总额填进去成本费用我想我就想问一下这个成本费用额因为我们有发的一个工资吗就是说那我这个成本费用能不能喊这个工资的数就想问这个问题
0	嗯石油大楼尚未移交但是实际上已使用计提的折旧能否进行税前扣除
0	人工服务
0	那个退教育费附加跟地方教育费附加的
0	哦社保可以补交吗
1	问道去你妈的
0	个人退税怎么操作
0	申请申请正常
0	哦我的那个社保这个代扣社保里面忘了交钱进去吗那现在是想问一下就是这个会不会挺饱
0	嗨
0	你好
0	哦转人工
0	哦
0	麻烦你帮我转一下人工服务我有紧急的要事要我
0	我说上次去找路口地税局办的那个哦之夜激战他没给我退汇单今天跑到简谱来吧社保中心来办社保中心说我没有智慧但不给我办现在我在这个这个东西不是这样四楼也有个税务局吧来不来补办一个社会的因为不啦如果不能给我补办五月跑到里面找的鹿狗记不是跑来跑去不是把我累死吗
0	赡养老人
0	喂
0	今晚上有动车吗到丰都到石柱了
1	哎呀烦死了怎么弄呀你好欠扁啊
0	哦个税申报了然后嗯
0	请问外地
0	个人所得税的起征点是多少
0	你好
0	为请问一下要办理那个个人
0	哎你好我想问一下咱们宝里面显示的是除了珍宝还有那个谁还记得那时候他现在的女人尼玛教练不通过是怎么回事
0	去你申报的个人所得税如果嗯要做更正申报的话是怎么操作
1	他妈的搞个屁颠屁的人真多
0	我咨询的是个人所得税这二月份的根本特点现在我现在我想跟这个程序怎么办理
0	本市户口个人缴交社保
0	个体户是否有规定人数吗
0	我没有遇见那个自由但是单子里写着有一角罗二零二零九五九四怎么回事啊
0	说不清楚了
0	呃我在网上看到财务会计制度备案请问这个需要怎么操作
0	公司纳税公司纳税
1	我这咨询你妈卖逼
0	嗯就是劳务费的话登时增值发票劳务费普通发票这种如果退税的话是需要带什么资料
0	我的妈呀
0	社保缴纳查询
1	我操
0	诶你好我想问一下就是公司经营范围的话来找一点的话主要是做那个变频器这一块的现在的话了是需要焦距的增加这一说技术服务这一块这个可以去弄吗怎么弄
0	查个人所得税
0	添加购票人
0	双值税附加税在哪里爆
0	呃个税的那个分摊方式啊如果是被赡养人指定的你用它一个人分摊的话他那其他那些共同犯小人的信息还要停水吗
0	金山税额转出
0	香港居民怎么报个税
0	我能娶我女儿重庆市江北区野水沟景区的专管员电话
0	转人工
0	神功税控盘人工服务
0	多少岁前脸多少
0	对称式
0	代开专票作废
0	换你妈
0	你扣费啊换屏保重新参保需要再交费吗
0	砍死你四月份开始另类点的发票需要办什么手续
0	怎么申报住房公
1	你的东西给狗咬了给狗吃了
1	傻逼了缴销流程
0	请问那个个体户的年度个人经营所得税现在要怎么申报在那个自然人税收管理系统里面申报不了二零一八年的那个额个人今天说得对电子税务局也没有地方可以申报
0	我想升级成发票升级成百万怎么操作
0	我在那时他们申报纳税的时候就提交这个纳税的时候把那个呃就是选选错了吗选择那个银行端啊现在我想改成税务章那应该那能不能撤销这个银行专转呢
0	农场品那个血那个鸡牛也猪牛羊鸡鸭鹅这些那个哪些东西是免费的
0	个人去税务局开票的话需要带些什么
0	你好哦想问一下呃社保社保申报错了可以退回吗
0	好像量购票特批申请
0	说附加税申报表如何填写
1	你傻啊
0	为帮转人工服务
1	你是猪
0	转人工
0	我要接语音
0	超限量购票
1	傻逼
0	我想咨询一下我们那个房租个税减免为什么在网站上查不到
0	让他
0	一般纳税人转小规模的具体操作流程
0	麻烦转人工
0	注册那个注销营业执照最快
0	社保局电话
0	哈哈您好
0	喂
0	哦
0	嗯你好请问一下就是那个词儿就是刚睡觉的时候啊我嘞个神爆裂四号线到嘴会不安申报他就说发送珍宝的么那个好玩那个情绪崩溃的时候他就是真八十八一直都是的样子灯塔是傻子呀
0	帮我转接一下人工
0	扣税失败
0	你好语音助手
0	嗯我就是在那个国家税务那个网站里面我们要再开那个增值税专票代开申请怎么现在开不了就只是签了一个增值税普票代开申请
0	我想问一下就是呃我小孩的那个费用有没有扣掉了
1	你去死吧
0	发票就是
0	嗯帮我转人工台
0	哦
0	你好我打印了一个纳税证明下面2018年的总金额是不是要剪掉退税费然后才能用于申报小
0	妹子
0	纳税人识别号查询
0	发票开租房发票开完之后想问什么时间能够邮寄但是现在我手机查询他的发票账单一直在审核状态我不想知道我下一步要怎么操作
0	不过气幸福如何申报纳税
0	人工服务
0	我想问一下厦门五月份基数调整是怎么
0	查询个人所得税
0	今天阳光吗
0	转人工
0	增值税普通发票红冲要怎样做
0	哦为什么
0	你好最近是零五零
0	自然人代开发票限额
1	说你妹啊
0	我操我操房租费发票
0	你好那个年终奖个税已经申报了但是公司还没有申报怎么操作
0	定额发票查询
0	人工服务
0	不知道怎么报税
0	公司办那个发票的购票人员呢就是为什么申请之后就是名字那个电话号码为什么不一致用不了
0	嗯
0	如果员工在两个公司都那个缴纳的个税要查他的指这个个税合并报表是怎么查呢
0	我需要转人工台
1	滚
0	网站不能用
0	但需要这种需要有问题啊没写问题我刚也是还有一个就是综合所得怎么睡多少
0	我想问一下那个朱金底等高我现在把他抱上去了过后当我换了住房过后可以更改这个抵扣信息吗
0	累死我了两边都没有了抬头观察一下小芳也没有了才到家
0	憋得半死零八零八要去预约选号嗯进不了系统
0	官方网站人工服务
0	哎我的卡上绑了两个小孩的就是扣了一个那里面的钱不够我还不知道所以我马上把钱存进去了他在等三天没扣那是这个要怎么处理
0	我
0	懒猪房地产那个增值税税率
0	个人装感性经营所得现在还有钱扣款协议的要怎么扣款有几种扣款方式
0	我个体的营业执照嗯一直也没用注册完了怎么申报税务
0	小宝
0	我要查这个月医保交了没有
0	你好请问一下帮个人买了社保之后在这个电子税务里面增援要怎么操作
0	喂
0	转人工
0	父母在厦门缴交医社保多久小孩子可以交医保
0	哦我想问一下我们在那个地区网站的话要改变个人的接受要怎么去操作
0	喂你好我想咨询一下就是非税收征管系统是不是有更化那个网址
0	喂你好我问一下思明区税务局交税的办公地址在哪里
0	代开发票
0	我想问一下我的个税在一月份开通了使用呢税费认定已经申报了个税那为什么现在报二月份的个税它显示我没有税费怎么认定那种我就认定了要准备什么时候开始认定你们的系统太垃圾了
0	更是逾期申报
0	报税报申报过剩问题下载软件下载信托公司眼镜
0	哦
0	还要开十六个点的发票要怎么操作
0	一月份哦怎么是闹不起呀
1	我操你妈
0	屁股和小的一个图片高手可不可以
0	机器人要不要试试
0	嗯
0	我想申请个税就是智力教育畸形继续教育大病医疗之类的
1	坏蛋
0	社保扣款好像不对
0	哦验证发票
0	为代扣
0	哎你好请问一下就是我绑定了银行卡在里面但是我想请问怎么签定三方协议
0	嗯
1	哎呀烦死了
0	我是个体工商户在属于一般纳税人咨询一下关于城建费教育附加费地方教育附加费的这个怎么申报谢谢
0	二条未签收要怎么护理话费
0	请问现在过来生产经营所得表是在测试系统里面申报吗
0	人工服务
0	更改购票员
0	啊您好我是
1	换个屁
0	我想咨询一下哈我是个体的哦他要叫我什么第四季度他家我需要去够花票他说我第四季度的税费抱个屁都不是不要申报睡吗
0	有必要那么堵啊不敢了
1	你大爷的
0	您好我想咨询一下要怎么操作银税协议
0	所得税季报弥补以前年度亏损怎么填写
0	喂你好我想咨询一下那个就是如何知道自己公司的一个增值税的一个税点是几个点的
0	提交申请的
0	首次申请专票怎么操作
0	冒个泡那个发票票种核定怎么打不开啊在网上
0	旅客运输服务的抵扣就扣税怎么操作
0	对于小微企业应纳税所得额不超过一百万的深圳的企业还是按点按百分之二十计入应纳税所得额按百分之二十的税率缴纳企业所得税吗
1	烦死了
0	你好
1	蛋碎
0	请问一下谁有级那边有没有办理社保登记证
0	一般纳税人转小规模哦怎么操作
0	转人工客服
0	小规模纳税人开百分之几的税票
0	我的妈呀
0	我死了你要请多久
0	嗯我想咨询一下如果是个人代开发票身份证丢失可以更换为护照吗
0	我更新符合小规模微利企业这个减免的但是在那个所得税填的时候第一项前不了
0	王勇和桃子吧
0	增值税的申报
0	曹操
0	我是要咨询那个老人家的那个医保卡有没有缴费几年
0	谢谢你啊那个小孩的医保扣款问题
0	增值税发票选择认证平台收暑期还送月份这是怎么一回事啊
0	人工服务
0	报税
0	我是
0	人工服务
0	减肥中
0	请问各的个人所得税怎么在网上申报
0	嗯
0	嗯我这个社保卡要做身份示范请问要怎么操作
0	医保卡我想要解绑什么
0	个个人所得税申报系统是在显示验证码不成功不正确
0	我要找个性系统漏报少报可不可以
0	本月申报日期截止到几月几号
0	发票发放需要携带什么资料
0	嗯
0	深圳小型微利企业的嗯规定
0	转人工
0	更嚣张一点个人承包承租所得税
0	我要查一下我是否有参保
0	您好我想咨询一下那个呃深圳市有一家深圳市社会捐助和救灾物资储备中心这家啊监禁机构有没有税前扣除资质啊
0	月份没到二月份
0	智能啊这能是怎么搞
0	龙华区税局预约号
0	你不是人工吗
0	个人所得税起征点多少
0	降央宫
0	我是个体户
0	医保卡我想要解绑怎么做
1	这么笨
0	增值税税点开错然后报税申报跟那个后续怎么操作
0	人工服务
0	三方协议晚上七点去吗
0	我要查社保问题
0	额百分之二十的个税要怎么解决
0	个税在申报的时候需要输入密码那密码他有要求格式吗心我操作了几次都校验不通过
0	哦
0	办理那个一次半年那个税控机怎么办啊
0	嗯
0	购置税退税要多久时间
0	网上预约为什么预约不了龙岗区的税务局
0	我之前绑定的法人手机号码已注销了现在该如何操作更改法人手机绑定号码呢
0	文章
0	我也纳闷
0	这种认定功能补充最终认定嘻嘻
0	而我公司是一九年三月二十二日成立的我看到公司的信息是不是一般纳税人那是小规模纳税人我想升级为一般纳税人要怎么做
0	嗯那个嗯
0	年所得十二万元以上的个人作品有没有申报
1	狗屎
0	就是我我买的那个房子啊然后我是不是要要自己预约预约办理那个七岁吗但是我缴费
0	那个机器人根本就是
0	那你就抱在一块是吧我看到一个三万二牡丹死了都有五万五广告费大家工资一万七千六了怪物快啊什么杂七杂八的十五万十一月十一必要问吗
0	嗯
0	我嘞个申报嗯上面要纳税期卡然后上面显示扣款状态已锁定然后学校在大厅做交易许愿这个要怎么操作
0	多年前
0	哦
1	你这个脑残
0	网上的就是在网上报税然后显示要没有您有那个网上报税的区别呢
1	你妈贵姓
1	你是混蛋吗
0	哎
0	没有没跟你说
0	你好我想他一下哦代价儿童社保怎么操作
0	企业所得税何时可以弥补年度亏损
0	我是保医保停缴完以后新单位帮我怎么个叫法
0	企业所得税退税
0	网上如何操作退个税手续费
0	后台添加采集人员添加完成后然后怎么操作报税
1	你真笨是猪一样的损失
0	充值是普通发票个体的一个月最多就是还多少周年面额的免费的
0	嗯我个税的问题之前因为桌上比较乱然后各自没有完全申报话这种情况应该怎么办
0	申报十二万个税
0	哎你好我的是想咨询一下我们被那个企业呀我有急事主潇洒好多都是要的水木就切了一个早上的那个发票啊发票我们都一直没有买的发票然后卖了四百字有那些反而兴趣面有裂心的一半儿都没有经费都去逮了个金税盘衣服啊都把哪个哪个发票作废了哪种情况啊对你们有用啊发票<1
0	那个专项附加扣除的那个部分个税是怎么撑到的呀
0	额我是工商个体户我现在每三个月要报一次税我现在在咱们深圳电子税务局上网站上登载报税我想请问一下我们每三个到四岁是在哪里爆在电脑上的什么什么模板担保
0	安装雨水通出现麻烦
0	我问一下那个就是我原先报的税已经交了费我要查询一下那个记录怎么弄啊
0	请问公司产权的税费怎么征收
0	我的电子废物及上已经增加了新的办税人员但是状态里面显示未绑定我怎么样才能绑定
0	请问劳动合同补偿金需要缴纳个人所得税吗
0	个人申报
0	王老吉不可以要带什么资料去柜台办理缴交社保手续
1	你这么傻怎么回答我的问题呢
0	公司一八年就成立了工会一直没有提取工会经费现在可以把之前的主题曲吗
0	人工服务
0	哎我们申办的企业电子书局该怎么操作
0	增值税纳税申报表
0	嗯2018年度企业所得税汇算清缴我们有退税请问我们需要提供什么材料
0	作废2017年的发票能不能作废
0	你好我网上申请额买票但是他说我不是那个那个什么呀
0	瀑布存在
0	具体点声明可以修改吗
0	金税三期系统累计收入和包含职工之前公司工资发放的金额吗
0	帮我转接一下人工
0	是受社会保险补缴政策
0	我要咨询开发票备注里面需不需要填写啊
0	认证发票
0	个人在网上申请显示申请正常是否已经可以了
0	转人工
0	我要修改那个我的那个纳税人识别我要怎么操作
0	我需要神保植物和绅宝
0	呃所得税起征点是多少
0	就是对自己不够好
0	翻滚吧
0	显示要到前台对账
0	本期应申报套餐里面不显示东西
0	嗯
0	嗯我想咨询一下啊就是在额报税的时候说也为你们不属于纳税人风风险是什么意思啊
0	哦
0	三月当月购买社保能不能申办专项扣除
0	你好我那个想把公司的那个基本户绑定在那个扣税账户是怎么操作的呀
0	帮我查询一下人工
1	你是最傻
0	你好请问企业所得税申报是报不成功的吗宝石
0	嗯转人工
0	他只是认真
0	可是可是我一晚上那个小机器人
0	酷狗转人工
1	有病吧你
1	你是傻逼吗
0	转人工
0	个人所得税超过八万的话这个个人所得税需要缴纳吗
0	就像去别人家
0	开成品油发票操作流程
0	转接人工
0	纠结那个社保
0	汪汪狗
0	说了也不白死
0	哦
0	额请问一下那个颜色的血汇算清缴退库资格申请提供的文件额那个什么退税款及地基申请表在哪里下载
0	请问个体户个人所得税在哪里爆
0	如何增加购票员
0	喂你好
0	我想咨询一下个税起征点是多少
0	怎么把我的医保情操
0	我自认傻傻傻不清楚
1	问我就要问这个问题啊你滚吧
0	印花税怎么申报
0	工资多少
1	说你妈个逼说一句
0	人工台
0	铺面转租
0	嗯我想问一下就是呃个人去开票开那个哦不动产房租发票需要拿什么资料去开
0	系统出现异常请稍后再试是什么意思
0	发票丢失应该如何处理
0	哎需要做审计报告吗
1	这傻逼
0	养老如何扣除专项附加
0	个税问题个人所得税问题
0	纳税人去税局自助认证发票是怎么操作的
1	滚
0	个税申报标准模板的下载
0	就是个人房租
0	个人所得税申报不过去怎么办
0	狗是怎么扣的
0	龙岩户口的新生儿人们在下瘫倒
0	就是关于那个申报密码问题挂靠人公司担任的一些垃圾
0	公司合同的名称变更了要如何处理
0	网络参数设置该怎么设置
0	阿瑟社保的单位社保证件人员在网上怎么操作
1	烦死
0	一社保
1	狗屁出云
0	有一个区有个牛
0	嗯我想那个咨询一下那个渝北区王家街道属于哪个税务局
1	未启用咯最去你大爷的
0	大家过年不
0	嗯社保
0	联通服务
1	滚
0	电子发票可以自己做什么
0	我竟然克服小声请问您想咨询什么问人工
0	喂
0	我代开的专票已经扣掉了增值税还有成
0	哦那个我想请问一下说前两个月好但是我是交的医保吗真的一个月三百多的这个医保我只想请问前前列腺子都是就是那个十号扣款了怎么设置都要换到二十号了怎么还没退款还没收到汇款的信息
0	企业主营业务类别怎么来区分
1	你大爷的
0	不知道啊
0	深圳税务局系统是不是有问题啊那个短信验证码登陆的时候都收不到
0	人咯转人工
0	操我那个我要报那个个税可是那个个报告写的那个网报密码忘了又怎么办
0	前面烧的水人保镖的天保防水
0	就是说我的社保那个前台屏保帮我查一下
0	我要人工服务
1	好傻媳妇儿
0	转人工
1	嗯你妹的老是小三小三你妹
1	滚你滚我要忍智能的
0	我要补交社保医保等费用
0	转人工服务
0	明白
0	我这边在系统申请了增值税一般纳税人登记事项而后被驳回了对国货的理由是那个根据各行业门类与申请表内的主营业务的那些资质
0	嗯吃饭放学你在哪里钱
0	嗯我是销售方就是开票给客户的时候开错了现在跨越了客户退回来我要开红字发票怎么样操作
0	你在说的吗家具急诊声明在哪里看在哪里看那个结果
0	而企业所得税申报表出现异常
1	去你妹的
1	滚
0	我上午注册按照比例来的哦哦哦电子发票如何升级
0	小看小规模申报报表吃鸡吧
1	哎呀你快烦死了啦
0	嗯企业地址变更以后哦发票看开点方向并没有变更地址可以吗
0	请问怎么打一针止血纳税申报表
0	我问一下要做到的事情怎么今年这个月还没扣
0	请问应纳税额银行托收要怎么操作
0	雪一下就是那个呃通用发票原本都是在呃就是是下载一个网络里面的一个软件然后直接在网上打进去的时候
0	人工
0	转人工
0	嗯我想问一下自然人税收管理系统扣缴客户端申报的初始密码
0	找人工找人工
0	对你好那个
0	山寨是龙岗区税务局电话
0	你好请问一下第一季度的增值税小规模的开了张票也不用缴税吗
0	我不笨
1	你他妈的说什么烦死了
0	俺大爷
0	这款打印汇总表在哪里
0	逾期未申报该怎么进行登报呢
0	哎你好想问一下那个取消票种核定怎么操作啊在网上
0	仅
0	哦人工服务
1	去你妈逼叫哥哥
0	嗯我想问下这是深圳南山区的餐厅或者是饭馆之类的可不可以开出免税的那个增值税普通发票
0	狗狗是谁那个隔水密码他说处理简单或是复杂了也伤不起是为什么
0	增值税纳税申报表附列资料三不动产那我如果说是在建工程这个需要请到这边来吗
0	你觉得我怎么样要人工服务
0	人工服务啊
0	社保缴费比例
0	这是什么密码
0	现在那个网站抄报税里面的服务器网络通信异常现在该怎么处理
0	转人工服务
0	全天候服务
0	代开增值税专用发票的那个发票防伪证明是需要到哪里去查询
0	社保代扣被退回这边有什么意见
0	敢跟办税员
0	为什么现在的话我在那个网上的话那个实名认证过后不能进去呢我看不到你看不到那个呗是里面有那个小规模纳税人申报
0	包括公司的具体操作流程
0	就是飞机明的话怎么如何代开发票
0	嗯我用了只能用机器吗
0	个人转让住房过程中
0	转人工
0	哦你好我想请问一下就是个税申报然后的那个上面有一个城市为谁有城市维护那门的申报表我是直接点保存申报就好了还是说里面有些数字需要填写
0	转人工
0	你好那个我那个主机换了电脑换了一台然后重新下载中国税务可是我现在打不了了发票打不了了现在是怎么弄
0	验旧
1	你是笨蛋
0	请问外国外籍员工的
0	又来又来智能机器人
0	如何在电脑上操作变更发票经办人
0	额一般企业财务报表年报它的状态是申报成功但是操作这里有一个申报的蓝色按钮我这里一个算是申报成功了吗
0	你好我要是那个发票遗失了要怎么操作呀
0	想问一下我现在在搞那个个人所得税的申报嗯我这边点的这个申请民工只记录用户手工修改这个导入的导入的界面导入进去之后他居然告诉我说额点完确定之后他告诉我说没有当前没有这个月没有
0	企业要
1	你这个笨蛋
0	医保卡缴费结算
0	就是我我现在申报那个抵扣的进项税里面有一个本期用于抵扣旅客运输服务破碎平整那这一栏填完了以后为什么那个表格的总和技术不会变
1	有病吧
0	运行一下这个医保卡的年费的代扣
0	取消医保代缴
1	啊又小声烦死了这个小镇
0	嗯就是那个我的工资他没有开票但是上面显示那个已预缴了两万八千多块钱的税我想问一下这是什么原因因为我公司我自己没有买票
0	嗯血液好以后可以开水果店的发票吗
0	附近的公园我要人工帮我转人工
0	请问一下沉香医保个人自交的还要学校提供资料吗
0	如果是
0	嗯就是我们的供应商开给我的发票丢了然后我们这边要怎么处理我没有收到发票
0	增值税
1	哦小笨蛋
0	看到
0	我的个税软件升级失败怎么回事呢
0	哦我想人工服务
0	我想咨询下那个都是彩票软件里有一个安装安装那个柳城的
0	哦这是我想要开票的话就是开培训费的票需要什么经营范围
1	滚
0	一社保补交的问题
0	非正常户工商也注销税务注销需要怎么操作
0	嗯就是那个
0	没有我要找人工客服那
0	嗯
0	你找了个机器人
0	哎你好我想问一下现在这个四月份还能不能开那个十六个点的增值税发票专用发票如果是你强烈地的空气
1	我想操你妈
0	电子这有具操作方式
0	请问下我那个时代的开头的那个密码校验不成功啊那个版在外国
0	伙伴
0	我想问一下三代手续费返还怎么申请
1	傻逼
0	催眠道已经有交款但是
0	税务登记需要怎么办
0	外来人员社保转本次赴本市社保要如何办理
0	你是傻蛋这里面的这里面诶我定了我已经定了哦哦
0	真的是专票十万位的
0	日本人开票
0	转人工服务啊
0	增值税普通发票代开
0	啊我想问一下就是我们现在企业不是那个退税吗这个要怎么来操作或者怎么来申请呢
0	你好我是想年报的怎么在手机上操作不了了我一扫那二维码它显示五零四年后显示的那些啊有一个电脑图片一个是我是电脑图片没有显示到那年报的那些表格的是怎么回事啊
0	转人工
0	我想查一下我的缴费记录
0	再包住的呀
0	对啊
0	人会是什么东西
0	没有
0	小规模可以开九个点的发票吗
0	奖金个税
0	个税申报里面写的是否然后辣么怎么申报
0	退税申报
0	喂你好帮我转一下人工
0	个税申诉要怎么撤销
0	简易征收
0	我的问题是在伤心五年的刷屏养着口水不扣然后五年了绍兴总共是一万水线十一万九千七百七十三零八十元人民币然后公司给我出水口时一万四千五百零六点四六元人民币是不是考试考得太多了应该口水
0	应交税额为负数是怎么回事
0	哎你好我想问一下就是我们社保减员为什么他说我没有屏保信息啊在那个账目处理的时候
0	旧版定额发票什么时候截止使用
0	呃是这样的我我借款给别人取得的利息
0	额想问一下什么叫做地税社保
0	门口是在问那个
0	无电子信息备案问题
0	可不可以在网上交契税
0	账户不存在
0	境外人员申报条件
0	我这边增值税装配普票抄报失败要怎么处理啊
0	请问一下个人交那个城乡医保还需要学校提供资料吗
0	个人所得税申报
0	雨水通安装不了
0	俺不告诉你不行
0	删除购票员需要哪些材料
0	加计扣除
0	把专用发票分到十万位
0	我那个上个月有三十岁预缴税款那我要怎么填呢本月我上报三十岁的时候要怎么填呢
0	即刻现身等待本来打死你安阳公交车
0	我今天那个办理那个抄税呀打开那个软件以后以前都是跳出来自动操睡得香也没有啊怎么操碎啊
1	大笨蛋
0	转人工
0	赶快加入
1	这个傻逼客服一个是要让我说一个转人工它才能转人工吗
0	我想自学那个开票开票金额最大额是多少
1	滚你妈一样把你那后面贴了就不要给我这了
1	算你妈了个逼的
0	你干嘛去了
0	转人工
0	转人工服务
0	个税申报
0	查发票真假
0	那一个
0	啊
0	嗯我猜那个企业所得税报不了
0	第三帝国的事和病态那里也办业务
0	嗯定额发票注销
0	申报密码忘了怎么办
0	我想问一下那个新系统里面那个城建税现在在哪个端口哦操作报废了呀
0	你好那个呃
0	我问一下那个呃请问一下那个就是医疗保险缴费的问题
0	我想挂机了
0	听说朋友说我死了
0	听不清
0	我还是我问一下病你的显示车车辆购置附加费在撒地方挪到三地方缴费
0	我想咨询
0	转人工转人工
1	领用发票你这个傻屌
0	能够给我同安国税的服务电话吗
0	要说
0	赡养老人
0	我就帮我查一下我的社保还有没有啊
0	请问怎么在网站上操作领购发票
0	一岁小孩学前教育要读小学如何修改
0	搜索你说你不孤独吗为什么我我一月份申报的人员信息然后在二月份看都没有呢因为饭也没有
0	逾期增值税专用发票抵扣联可以抵扣吗
0	哦你说话呀不要说我要说啥
1	问你妹
0	额二岁升到食物便的免税收入
0	喂
0	据
0	签收的时候增值税快递
0	我想咨询一下我们的税控盘是不是要升级到零五二八版本
0	人工服务
0	我的金税盘锁死了要听卡需要带证件去税局办理
0	快说出来然后它就死掉了快点哦我就挂了还是因为一点小助手转人工才能过去看看来电灯登记不是有一项是登记身份证号码吗你看那个数据没错过去就说明有用没过去就继续走有问题时间小助手点一下
0	申报纳税怎么填
0	那个百万斤不得了五百八十不是每一次都要先优惠备案才能抵扣啊
0	社保断交
0	我
0	嗯给我发一下那个宝鸡数据的电话号码
1	傻哇勾选人工服务
0	我就是店转让的话纳税怎么骂
0	我说我能查一下我的纳税是的哪里高贵了
0	人工服务
0	哦我二月份的时候那个公司没人了那个格式还需要申报吗
0	深得税专用发票丢失
0	安邦的人工服务期限
0	转人工
1	烦死了打进去他就搞了个人工
0	哦我想那个我现在辞职了个人续保要怎么操作
0	这边收到短信说二零一一年到二零一八年申报缴纳增值税及相关税费符合现有政策要求可想
0	哦小企鹅小规模纳税人转那个一般纳税人怎么操作
0	我想说一下现在什么我收到短信他说就那个有什么自然原因病根是什么意思啊
1	你知道我唯一我问一哈写的我那个时候他听不听的懂狗的脑残也不是择哪个嗯分宝咱点很低国内作废是哪个
0	一个我社保是集体户吗那本来是外地人员缴交社保那现在是转换成几里路要怎么操作才能按本地人员交社保
1	我都烦死了
0	劳务报酬的增值税
0	喂你好我问下了个狗谁口齿哈
0	诶
1	妈你傻逼呀
0	申报社保基数怎么送到
0	嗯我想问一下就是我遇我是在异地预缴了那些所有都出加税但是我现在就是当期要申报的申报的话就是我有抵扣一抵扣的话我就不交税了但是我之前有预交的那种发泄一下这款我怎么操作呢
0	开具二零一九个人所得税完税证明
0	不缴个税
0	转人工
0	就是那个国税那个嗯记住你申报怎么申报啊
0	哦我想咨询医保的
0	额请问现代服务业的一般纳税人呃那个增值税有没有优惠价十克
0	请转人工
0	代开租赁专用发票税点是几个点
0	你好问一下财务负责人变更怎么操作
1	你神经病啊现在纳税人套餐型是一种那里没有弄成功什么情况
0	网上有发票
0	你好麻烦你帮我查一下就是呃宝安区石岩镇的税务局在哪里
0	就是我想问一下就是我现在要交要那个社保增员然后他那个劳动合同签约时间跟那个人力资源网上面的就业登记的那个签约时间不一致让我现在要怎么怎么怎么去弄啊
0	那是以前我们家去到税务局去交吗
0	热血缴纳
0	我想问一下那个附加抵扣额就是那个
0	增值税发票一直不开她会不会不会有问题
0	一三六六然后他问我问题我突然就
0	你好
0	我想咨询那个我们是男人去的高铁或高级服务了该搞谁是那个一个家老房子
1	就像放屁
0	你好那个我是五号
0	你的菜
1	你妈啦妈批
0	哦
0	你好我想咨询一下项目投资者分配本金是是否要交企业所得税
0	请问下现在国释是几点说法
0	请问一下那个个体的理发店的这个试一试现在是怎么操作的原来是好像是说什么免税的
0	嗯
0	要不大爷给他她也演不了他说他会啊
1	王八蛋
0	喂你好
1	是个傻子智能啊亲啊连吐了
1	人工服务烦死
0	印花税
0	什么
0	设立企业要不要到柜台变更信息
0	我看看接下来高速公路几天怎么都这么多月所以你可以拿就拿给赠送人民币一块钱已经三年这个评价倒是没直接证据你们还给你
0	额心就公司没有做就业和失业然后没有办法做减员然后新公司已经弄了就业了那怎么操作的下来
0	俺想咨询一下外教的纳税证明怎么查
0	哦你好我想咨询一下哦就是挠劳务报酬有没有免征个税这一说呃因为我有咨询相关的财税专家说深圳已经开始实行了有相关的文件上的处理那个劳务报酬大概放在是可以免征个税的
0	哦请问一下就是我现在申报小规模纳税人的那个字那个申报表生成报表以后完成发送报表发送不进去为什么
0	我需要查询一下陕西宝鸡运输服务费的税率
0	麻烦问一下我的我给小孩交了社保了今天又扣我钱那钱能退回来吗
0	我在电脑操作缴税为什么办不了啊
0	给力要不打你个体工商户如何纳税申报
0	山东
0	门票
0	呵呵
0	我想请问一下先你好就是现在的那个发票的限额是多少三张
0	哦不然是等人工的能不能等人工的
0	真丝睡衣专用发票已经认证了如何取消认证
0	个人缴税的系统网络密码锁死
0	我想问一下这个
1	滚
0	哦不用了谢谢我要人工服务
0	而同一社保
0	请转人工坐席
0	转中工服务
0	哎你好我想问一下哦嗯那个什么其实我有一个季度的那个嗯
0	啊大病医疗如果有住院四次怎么样一起登记啊
0	我想查询一下我的细碎有没有交
0	南宫
0	毛病是不是啊
0	这个月怎么还没有扣社保
0	嗯我这个发票领用怎么你弄不了哇
0	管理员
0	社保卡没有钱没扣到怎么办
0	三百二十元是交的什么
0	我想咨询扣费问题
0	我想问一下我想问一下这个月能不能开始十六个点的税
0	个人所得税客户聊款要怎么弄
0	发票丢失了碗里发票的抵扣联跟发票原件丢失了这张发票的时候开错了我现在该怎么操作
0	我想把货品卖给我的供货商并开发票怎么算税
0	我说我想企业为啥餐饮那个算是什么流程
1	操你妈
0	嗯我想问下小孩子就算不饿错过那个那个卡上没扣的时候卡上没钱啊我怎么才不叫
0	我想要接人工服务
0	珍惜社保查询
0	我想问一下嗯我现在自己开票我跟那个嗯专票我是那个猪汽车租赁公司我那个专票的税率是百分之三然后我普票也是一例我不知道怎么填因为我当之前是在那个税务代开票的当时的砖普通发票的税率它给我改成了你我想问一下
0	你好我就是我们快有一张是深圳开的店啊税务局代开电子发票但是销售方税务局提供信息的最下面一行还忘记账号什么都没天可以报销吗
0	哦我想问一下就是我购买税款的发票就是想要选择的抵扣我这边需要怎么操作呢
1	滚你妈骚逼妹子
0	哦我要人工服务
0	啊哪位你好我想问一下那个发票砧板是恩是怎么操作的
0	我的下巴滑滑梯吓跑公司那个解除了没
0	屌丝
0	有员工二零一九年二月份退休那二零一九年四月份给他发放前的时候累计扣除还可以扣四个月的累计扣除还是扣两个月的累计扣除
1	妈了个逼
0	整样办理代扣缴纳医社保
0	申报无
0	灿烂阳光
0	进项发票也就是但是他还没有机构该怎么处理
0	嗯我想咨询一下就是在填写税款计算的
0	出口货物开票
0	你好个人所得税的申报的验证码要修改手机号怎么弄
0	个税手续费还
0	额税控盘到了锁死期
0	哦那还要点那个那个啥都饿不死的
0	再把骨交
0	发票领购
0	嗯查询个人退保
0	电子税务局登录使用的手机号码怎么变更
0	想克服
0	为什么不能进行申报
0	那算信用互评
0	最好了您好我想咨询一下企业没有那个人员交纳社保这种情况怎么申报个人所得税报表
0	我想问一下今天国税网是不是有问题出现问题都上不了网
0	转人工
0	怎么购买发票
0	我现在收到一张发票怀疑是假发票然后我就告诉你
0	
0	那个不
1	你太笨了现场缴税需要填什么表格
0	你好那个我刚才显示什么计税反正扣了我社保送三百二十块钱互相了解一下这个到底是什么费用
0	申报之后一直是申报处理中怎么办
0	转人工
0	嘻嘻嘻嘻嘻嘻嘻嘻嘻嘻吗你别咬我换一个问法就是
1	烦死了
0	哦
0	集体福利费的范围
0	嗯我想要咨询一下就是说呃专项附加扣除如果说从一个企业辞职了到另外一个企业要怎么样变更成为另外一个企业啊代扣
0	就是不够睡抱不起啊
0	我删了我也不知道啊
0	一岁了
0	查询查询税务管理员
0	万元版发票最高金额可以开一万还是说九千九百九十九点九九元
0	我是半岁缘我已经把其中一个已经报了然后我剩下的那些要怎么办
0	我要查五里溪国税局这边有没有一个税务街又是纳税人的补贴
0	啊你好我以前买房子买我妈的名字现在我想把它过户到我自己的名下这样我要交多少岁
0	代表处应该怎样交税
0	办事人员黑名单
0	换人工服务
0	我想问一下就是我们业务发生在三月份然后尽量不要开出来了然后
0	这种病
0	我想问一下我的那个一月份做了哦法定代表人的这个变更他应该是三证合一但是我税务系统我看了一下他那个法人代表他还没见过来我想咨询一下我需要什么什么资料去变更
0	我要转人工
0	你好我想咨询注销个体户营业执照是需要到本区去吗比如说我在宝安松岗风情的我一定要去拔松岗注销吗
0	唉睡吧
0	山西省的事怎么办
0	那为什么机器人
0	哎
0	我们公司有个员工的因为已经提早退休了吗然后现在因为同事不小心操作又给他社保增员上了那这边会不会对他的那个退休待遇有所影响
0	我今天那个办理那个抄税呀打开那个软件以后以前都是跳出来自动操睡得香也没有啊怎么操碎啊
0	用止血发票问题
0	我要拉屎
0	转人工服务
0	嗯就是就是一个员工的身份证加入个税之后验证不通过
0	为我问一下那个我介绍的微信上面把那个谁有个打一半时也做到是不能交邮费那打一半死机了我这要怎么让他才能这么的白斑十一号才能结束了优惠那个界面呢
0	你好我想问一下这是在既然程序时候可不端里面他那个员工的信息就是工作的收入有误要怎么去修改
0	我要人工服务
0	代扣手续费返还
0	不是他他是这样你先记录文死后库将排名吗
0	有销售服务还有就是安装服务这个可以选择安装服务跟喜欢的简易计税吗
0	额也有一个收购信息但现在想重新
0	如何在网上申报个体工商户税务
0	小微企业的标准是什么
0	帮忙转人工客服
0	我要查额怎么增加票种
0	
0	嗯元芳说的话我在微信那边去不了需要怎么操作
1	笨猪我看这事没这没有就没有这个功能
0	发票升级啊
0	变更主管税务机关需要携带什么资料
0	个税漏交
0	我想咨询一下那个关于我们财务负责人的那个变更登记怎么在电子税务局上操作
0	你好我想请问一下就是最新的那个增值税呃这个留抵税额可以申请退费的这其中有一个条件是这个没有享受即征即退先征后退的节目留抵税额可以退税那就是什么叫即征即退和先征后退给我们公司是出口退税的那个企业帮他打上免抵退吗
1	你吵醒了你滚滚滚他们更苦
1	有病啊
0	怎么预约
0	好想过去2018年小微企业应定的标准是什么内容
0	我想问一下今年那个农村社保一个人交多少钱
0	你妹是智能的
0	那个我要交那个呃车船税的话要到哪里去交
0	跨年过期专用发票重开怎么操作
0	嗯
0	因为要取消注销营业执照怎么办睡
0	我现在在那个申报个人所得税的嗯那个系统申报时他那个出现一个警告信息就是说你的系统登记的手机号码为空请先绑定您的手机号码这个这个应该怎样操作啊
0	我想查一下那个呃虽说所属街道
0	退出人工智能
0	企业的企税年报为什么报不了然后我财务报表已经已经申报成功为什么歧视年报还报不了
0	个人撑呀社会保险
0	个税在申报的时候需要输入密码那密码他有要求格式吗心我操作了几次都校验不通过
0	认证平台证书有问题
0	请问请问一下就是我们工公司的话赞哦因为之前先切割的话呢要增加一个经营范围想要新家就是技术服务这一块的这个的话呢可以增加吗
0	我要查一下我是否有参保
0	你可以印那个个人账户吗
0	如果一张发票同时涉及即征即退跟飞机炸鸡腿怎么钱份数
0	一般纳税人月销售额不打十万有什么优惠政策
0	我想咨询哦我收到那个千人版的厦门通用机打发票这种发票是否是合规的
0	你好请问不想追求什么
1	斯琴你妈卖批我
0	你尝试比对未通过是什么原因怎么操作
0	呃我这是我的意思是
0	那是十点
1	傻呀还是人工服务
0	哦我想请问一下我想补交一八年九月和十月的社保可以补交吗
1	你是傻未必是个宝真的是笨死了
0	哎我想问一下就是我今天到税务局那个大厅办理扣税吗那为什么现在我的那个帐上还没有扣掉这笔钱呢
0	税务申报是
0	在会计报表申报的时候会计报表下载里面的那个研发支出研发费用的表格是如何下载的
0	谁帮我靠帮我查一下
1	奶奶个狗血淋头是你妈呀为什么他老是提示我密码简单重新修改修改了以后的孩子都挺欣赏景色
0	哦我们是一家新成立的公司然后在网上看病的时候把人绑进不了请问要怎么搞
0	嗯我想请问一下这个月还要开十六个点的话要怎么操作
0	请问什么修改公司
0	申报异常怎么办
0	知道怎么过呀
1	操你妈
0	嗯在网上哪里可以看得到就是自己的主管专那个吗中国人的电话呀
0	嗯我需要查询个人所得税这个完税证明怎么打印
0	进入为套式服务怎么使用
0	转人工
1	傻逼
0	我想查询一下昨天真的发票中没到
0	请问一下深圳这边退税大概要多长时间
0	嗯小规模纳税人代开发票
0	最新社会平均工资
0	猫狗最纯洁的女孩不要不要暴力的不要报名哦速度游览器的问题
0	个人所得税申报
0	李婉君租赁碎玉
0	我说我想咨询一下那个发票地址变更那个怎么操作
1	哎呀这些都烦死了
1	滚人工服务
1	你他妈是个傻逼我日你妈好不好
0	出口退税复杂
0	哦我想问一下就是嗯办本市户口个人缴社保是怎么办理
0	人工服务
0	钉子税务局上啊应该报的税他写的申报成功了但是操作还有承包两个字这是成功还是没成功呢
1	笨蛋
0	呃就是呃扣血的时候它显示余额不足但实际上账户上余额是可以扣款的够科幻的然后通过电子学籍查查到就是呃
0	不能打印附加税的申报表吗
0	又是那个他老提示以前的密码错误现在的新密码又修改不起这个怎么办
0	今天是查票滚开
0	个人所得税逾期申报操作指引
0	哦我只是想我还来个狗屎申报啊哈我要跟着那个狗屎申报什么炒作哦我要跟着一九年一至三月份我发现报错了我要跟郑伊健三月份的那个嗯不能申报怎么操作
0	哦个税手续费返还需要准备什么资料
1	转人工服务笨死了
0	我们在填写企业所得税申报表的时候系统出现了一个提示信息的对话框上面显示的是异常原因就是说当前申报纳税人相同年度存在有多条有效地弥补亏损台帐数据信息然后详细信息如下二零一五年度共五条是什么意思
1	你他听的人滚弄个智能的
0	人家打了起来那哈哈我在摸奶门刚刚傻傻的等过一两分钟
0	请问现在个体户单看图使用中会需要作废的话是要去窗口办理还是直接在电子书籍上哪里呢
0	我要查海滩区的废物咨询电话
0	啊我要跟那个个人所得税企业的然后我怎么申报啊
1	你有个逼用啊
0	软件企业两免三减半备案
0	没错我是通过自己和家人团聚你好我的名字改了的话我的个税怎么办
1	去死吧
0	人工服务
0	我想问一下
1	你欠操呀
1	烦死了
0	人工服务
0	第三方协议怎么处理
1	还有一个老店的电话干屌啊操你妈
1	听不懂就算去了快滚吧
1	说你妹呀
0	你
1	滚
0	哦购买税控盘流程
0	想咨询
0	深圳市零星支出没有发票那么像呢可以退税前抵扣
0	然后呃之前的那个过去举报的话是现在是好像是有变动是不是
0	请问中国电器发票代码二五零零零开头的如何查询真伪谢谢
0	那你不保护你爸爸吗转人工查一下现在离深圳到长沙了
0	小规模纳税人转让二零一六年四月三十日前取得的土地使用权
0	扣了两首
0	但是都是七区妹妹啊
0	车船税
0	学狗的电话是多少
0	背靠背挣手续费
0	哦我的那个金税卡被锁死了我想问次直接到柜台税务局柜台办理还是在网上预约办理
1	妈的我人工他给我来一个
0	帮我转人工服务
0	购买电子发票怎么操作
0	在三月份产生了百分之十六的收入但是在三月份忘记做未开票收入申报在四月份的时候不开了百分之十六的发票现在还没有进行四月份的增值税申报刚好这笔项目取消了客户那边开了红字发票信息表现在怎么报四月增值税
0	告诉你合并申报
0	我要查我呢个体户的灯证号厦门市思明区小云食杂店的证号是多少
0	个人所得税自行纳税申报方式有哪些
1	你笨啊
0	我申请了临时号但是没告诉我密码密码是什么
0	那好那我问一下就是哦不动产一般大水凝嗯一半吧个人申报表中附表五不动产租赁抵扣那个明细表如何填写
0	我的社保卡办了代扣麻袋扣的只拿一张银行卡的我想咨询一下
0	转人工
0	就是我是一般纳税人可不可以到税务局柜台开大开呃大概三个点的普通发票
0	我想问一下我有手指的病魔发票然后有那个嗯机打发票我这边连着开的票是合并在浦东发到那边申报吗
0	个人所得税扣不了款要怎么弄
0	我不知道增值税家具抵扣对进项认证的发票有日期的限制吗
0	增值税金吗可以吗
0	晚安请问这个个人所得税这个我的公司这个员工工资的填写为什么是累计的呀
0	呃账号不存在
0	你好我想咨询一下现在那个最贵也开那个普通的发票是不是要缴纳个人所得税了
0	请问一下我在元知网上面做那个远远的就只登记已经成功了然后嗯在地税这边做增员它显示中文失败嗯之前因为人事网那边还在做审核吗然后审核还没有还在审核当中的时候就做了增援它显示资源失败那这种情况之下我要怎么操作呢
0	明天要继续过来呀你还有几个国内明天要接手过来每天要记下来到底发不发就过来啊然后我也去弄
0	人工服务
0	嗯嗯
1	你他妈的老子给你转接了
0	为什么呀
0	帮我转人工
0	我现在要买那个租了那个办公办公地址我要首饰设计的哪个费种呢我是猪肉承租方
0	红字发票
0	增值税不能申报
0	嗯因为每个月几号之前讲一声啊
0	纳税服务厅手工操作
0	哦
0	深圳市西乡国税电话
0	个税手续费返还
0	税务代理人
0	嗯
0	点击格式及上面的金融超市显示无纳税人信息
0	为野狗转一下我我想找人帮我查一下我都试过的那个班了演艺界故意把那个语音信箱刚来的短信我想试一下是什么情况
0	我
0	开具红字增值税专用发票信息表开错了金额
0	我想问一下里边那个小孩的医疗那个保险那个扣费是什么时候开始的
0	麻烦帮我转人工
0	转人工
0	唉我的公司是一月份成立的血站赐我在我的身边系统里面我找不到我需要申报的税种这个有时候对我以后有没有问题
0	喂你好
0	哦我想查一下就是外来工她的户口转为本地然后他的年龄已经达到退休他今年的年龄是五十岁他的那个社保的话可以转为本地的那个呃本地的缴销奇数吗
0	
0	哦是这样的我是四月份考开百分之十六的电这个要怎么操作
0	代开发票
0	
0	请问一下那个税务发票是先饿死十万版的那个整天开会开到一次一万三是不是
0	社保扣款
0	发票怎么旅游
0	额增值税发票丢失
0	这是我单位有一个员工然后呢他一月份还没入职但是呢我们应该发他一部分劳务费但是呢这边劳务费在一月份没有支付而在三月份的时候才支付了
0	发票是假的我要打电话投诉你给我说个电话号码
0	没有
0	营业执照被吊销
0	转人工
0	谢谢
1	放屁同志说
0	出现系统及异常
0	需要查社保
0	请问那个继承的二手房买卖再次买卖需要收取什么费用
0	转人工
0	很好啊收到一条短信说一下我要继续申报纳税这个不知道什么情况
0	哦
0	你好我要去税局购买那个开票的税盘的话需要带什么资料然后是不是要到所属的税务机关去购买还是说正一个数据都可以购买
0	人工
1	滚滚滚
0	啊就是有关增值税从四月份开始税率有百分之十六下降到百分之十三这方面的最新政策好操作指引
0	我要人工台
0	只报了个地堡那你要拿钱包这个记录没有拿到是这个马屁的他就不用拿药
0	请问一下我要报年度的报表请问是不是要请中介做了睡神报告的这个年报才要保如果没有错是不是不用报这个税审报告
0	哦喂
0	转人工
0	税务局账号不存在怎么回事
0	想问下那个附加税申报表和附加税完税凭证哪里可以查询打印
0	小龟
0	我是想问一下我们公司的报价加上一个情况
0	开具发票十打印时啊让输入
0	转人工
0	嗯年终奖个税能公司能选择两种方式申报吗
0	哦想问一下那个怎么打印纳税清单吧
0	寻找人工服务
0	转人工
0	喂你好我想咨询人工服务
0	乖
0	现在报税一窗式对比为什么老是显示错误不能报税
0	我还行
0	那你那就是傻
0	我想问一下如果我遇见了生殖器是不是肺癌还要一家人欠税和教育费附加我是小姑娘收入不买三十万是不是我再不会难过或者继续睡觉猪头提交正式的房子先要预交保证是教育费附加和地方教育费附加
0	快
0	诶我问一下那个利息股息红利所得是一个月报一次还是一季度报一次啊
0	转个服
0	进口增值税抵扣
0	转人工
0	转人工服务
0	我答应宝贝要答应不出来
0	哦你好就是我我我发的这个这个东西是我的信息怎么是百分之九十二还有什么东西没完成我就搞不懂你们可不可以帮我申请一下
0	为什么上面显示未申报呢
0	病根购票员
0	便宜得的都没有
0	本人本月套餐没有申报记录是不是不用怕
0	嗯就是有一个客户把发票弄丢了然后他问一下我们现在要怎么操作比较好
0	请问系统出现本年度所有猪猪字起止时间不可交叉这个问题是怎么回事啊老是跳出来我没法操作下一步
0	没法真诚申报企业所得税
0	我想问一下我这个名字怎么姓曾公司办理那个社保我的名字怎么这么客气
0	转人工
0	请问怎么查询个人所得税申报成没成功
0	哦经营许可证到期买不了发票怎么操作
0	我想咨询一下发票代开里面有老公哦有一个中锋你妹如果我们公司的省下来只有一个短信没有多项的选择
0	个人所得税
0	谷穗证明
0	我想咨询一下增值税网上认证要怎么操作
0	二票不成功
1	有病啊
0	请问那个南区的那个车辆购置税在哪里购买
0	你好我想咨询我们今年的社保上限基数还会不会调整
0	定额发票还可以用吗
0	增值税普通发票红冲要怎样做
0	认证发票
0	赵阳光
0	你好你不知道我打死你了
1	放屁
0	如何查询自然人税收管理系统密码
0	对对
0	为什么没听到
0	我想请问怎么买税控盘
0	季度申报中弥补以前年度亏损怎么填报
0	缴纳城乡医保
0	能帮到北京来人工人工都买下来
0	啊我现在在那个自然人税收管理系统上面操作然后的话现在是已经把公司的人员信息添加上去了然后准备是报送按了报送之后它显示手机号码为空让我先绑定手机号码啊但是我已经绑定我想知道这是怎么回事呢
0	喂你好我想问一下就是我怎么样在网上申办那个银行的待客代缴义务呀委托委托收款协议怎么做怎么操作呀
0	哎就是最近代开发票会有一个二维码叫我们扫码自己开具发票你这个傻吗开具发票的是电子发票还是普通发票这个流程怎样
0	这是我第一次开那个专用发票吗我要去哪里查询已开通可以去领发票了
0	个人所得税的退税优惠
0	请问一下那个个人申报那个纳税的那个那个他们说的是免税的那个应该怎样怎样办理在上操作
0	那个这就是股权变更
0	人工服务
0	我那个在那个自然人管理系统里面那个企业管理本身有两个单位现在只看见一个单位了我怎么操作才可以把那个单位调出来
0	很阳光
0	转人工
0	个死人给单位开发票如何开
0	先转人工
0	电子书网站东路附近找个
0	嗯
1	你好我需要继续特傻逼
1	豆豆当年是猪吗
0	代开发票
0	嗯想咨询一下那个增值税纳税申报表附表是一般项目家庭经济抵减额计算本期发生额的话是填税额还是填进项进项额还是填进项税
0	我想问现在能够开百分之十六的发票吗
0	这个月那个嗯个人申报她需要修改密码但是我修改密码它老提示以前的原密码错误这个怎么改
0	标杆转人工
0	转人工
0	就是说怎么样解除购票员身份
1	放你妈的屁
1	操你妈卖批
0	冷血好升级要预约是属于什么业务
0	真假购票员怎么操作
0	我要转人工服务
0	我想咨询一下怎样去衡量我的那个是属于个体户还是属于企业呢
0	褪色
0	你们
0	解除自动扣费
0	社保就为什么还没扣款
0	你好请问哦四月份开百分之十六的税的发票要如何操作
0	我需要忍
0	妈了
1	放屁
0	嗯可以帮我转接湖里税务吗
0	你
0	没有关系这个我我我会再去
0	我小孩读小学发现那个社保卡每扣多少费用
0	你好怎么样彩票
0	你好请帮我转人工
0	我要咨询那个推那个退保的
0	未成年社保扣款
0	涟水县取个名字吧
0	我想问一下就是我的社保怎么扣了又还我扣了又还我已经发了两次信息了
0	哎哎不是那个那个新的那个
0	预约办税
0	开票呢先生
0	营业人员星期天交不上去
0	微信怎么申请电子发票
0	你这个问题都没解决怎么帮我啊
1	你个蠢货个税手续费返还
0	转人工服务
0	哦就是国家说四月一号要改了个睡哇赞睡真的会死是吗
0	我想查一下我的增值税发票别人给我开了增值税发票有没有作废
0	企业转让不动产增值税怎么缴纳
1	傲娇鬼妈逼
0	人工服务
1	妈的
1	什么狗屁
0	那我继续等待人工服务吧
0	额我想问下那张
0	喂
0	哈
0	林肯公园手机的电源键中间那里有个自己也有吗
0	喂
0	你说
0	个税申报但是企业管理那边显示未申报这样会有影响吗
0	好的
0	颜公主
0	我要转人工
0	转人工服务
0	转人工
0	呃我想问一下股东变更需要税务办理什么手续呢
0	喂你好
1	哎哟烦死了
0	那最真
0	个人所得税
0	关闭已经被人注册了
0	增值税发票冲红
1	你妹啊
0	个人所得税扣除税率怎么计算
0	申报系统
0	就在网上申请的发票审核通过为什么一直没有寄出来
0	哦申报个税在另外一台机器上要哦里面的数据怎么没有
0	如何增加购票员
0	我想查询那个就是申报了没有扣税的那种如何查询
0	啊
0	嗯十三十深圳真实身份呢
0	请问广告行业的那个税率是多少小规模纳税人广告行业的税率
0	进项税额转出
0	我就不想说了
0	个体户经营所得一点吗
0	你好我想问一下小孩子的事社保六月份代扣的款项怎么查有没有扣款成功
0	人工服务
1	电子废物及上的那个
0	嗯我想咨询我们有员工月愤怒值然后三月份再给他报个税的时候正常来说减除费用五千应该只扣一个月但目前系统里面是扣了两个月怎么处理
0	嗯你好我现在是呃身份证是一天津然后我交的是教师的那个是谢天津差别一个性我现在想问一下咨询一下我要爸爸姓谢的啊改真系我是要提交一些什么证明
0	喂
0	香港居民怎么缴纳个税
0	个税起征点
0	个税就是个税登记个税起风在哪里网页操作
0	我要办理购置税车辆购置税请问怎么操作
0	我的那个开票
0	额我是想说我登录我注册那个废物个人所得税那个那个我从未登陆过为什么他就有单用户如已登陆了请帮我查一下谢谢
0	猪租房的税收是多少
0	转人工
0	好几家那个那么笨呐
0	八八八
0	转人工
0	哎我想咨询一下我那个报税的时候那个申报是正常为什么扣款是付款不了呢
0	我本期抵扣但我把七部我本期已经认证的发票本期不抵扣如何操作报税
0	个人所得税起征点是多少
0	在申报核定的企业所得税时报表无法填入数据应该怎样操作谢谢
0	总分机构所得税的系数怎么调整
0	课表四个技术维护费填好以后逮不到猪膘里面去是怎么回事
0	蛋糕好
0	我笨刚刚办理了三合一的艳照我现在还需要去税务那里办理什么我需要开具发票
0	二如何查我们公司是属于哪个专管员管啊
0	你好我是想年报的怎么操作不了呢在手机上老显示工作正常这样的显示五零四是怎么回事啊去年的话年报个很好的今年操作不了是怎么回事啊
0	个税返还怎么操作
0	笨功夫
0	所得税退税
0	要看仔细
0	在吗下来是老母鸡啊我在这里这类型的吧
0	在一起
1	废物
0	我现在那个呃个人十二万个税申报现在我按你们的系统操作了之后他出现一申报失败现在错误编码是
0	就冲到了
1	麻烦死了
0	转人工
0	我想咨询一下申报纳税
0	生物行政处罚罚款需要在哪里缴纳
1	你赶紧滚粗
0	个体工商户的个人所得税如何申报
0	是这样的我想请问一下我那个户口呢是在咱们福建的厦门那我就是因为生了一场病之后嘞我又回到那个辽宁的戴尔大连就这边那段时间的没有交纳养老保险我想请问如何缴纳我这个中间这个补角的一个哦养老金就是从一三年的二月十五二月十五号一直到一八年的十二月份怎样缴纳
0	购房税购房税
0	医保卡为什么到现在还没有扣款
0	嗯增值税申报扣除的
0	我那个个税申报深圳以后有多久了税款怎么弄
1	滚
0	雇主雇主责任险和公众责任险包括哪些
0	转人工
1	你是傻逼原材料的增值税率是多少
0	哎你好我是销售方然后在上海的然后呃客人的是你们深圳的然后我在一月份开一张发票开给我我们深刻的一个客人然后刻了发票丢失了因为按照我们上海这边的操作呢只要提供已丢失发票抄报税证明和发票记账联复印件就可以认证抵扣了但是你们深圳这边说还需要登报声明然后到税务局备案是这样吗
0	您好我想请问一下哈就是我们单位有一个能言它是新增的状态那报送我在能源信息采集时发送状态显示报送成功身份验证状态一直显示在验证中这是什么原因
0	你好请问一下现在那个增值税的那个附加税顾家税费的深大是跟那个东哥睡一起的升到了对吗就是说你的我一起申报了之后就不需要在原先的那个第十局这边到此事时表示对吗
0	韵升哪个地方接触鸡这个月可能有的物业出来有的事情去了我觉得六月才出现但是咱们做点时间说谎如果是这样子的话我的梦里产生的这种输入法的问题
0	我们那个水包打一招了个没有口气喜欢一个会死呀
1	问你妹呀
1	狗屁
0	我这边的话如果要增加那个额网就是我们的发票的份数的话是在哪里操作
0	天转凉
0	我不知咨询个税
1	操蛋
0	出口退免税备案表的计算方法改变怎么操作
1	你有病吗
0	转人工服务
0	出租不动产将增值税税率是多少
1	可恶死呀
0	失眠是多少个人所得税起征点
0	呃企业所得税可以
0	现在小规模纳税人的认定标准是什么
0	抱抱我女儿的社保卡现在已经到期就是卡里面到现在没扣款还会扣款吗
0	你是不是要做我要社保的呀
0	我儿子你有病你这么晚妈妈这几天什么资料你身材
0	转人工
0	也不错的那个比较好吃表
0	哦我女儿办的那个医保卡社会保障卡为什么钱还没扣掉啊因为是因为要去医院看病吗现在不能用了
0	我是深圳技能你好
0	呃社保基数缴交
0	因为非正常的
0	日期一甩刀
0	继续着本地职工就是厦门市本地职工他的脚胶技术是多少哪一家公司
1	大笨蛋
0	如何添加客户信息
0	那个
0	你好我想我查一下说那个那个我那个医保的话是什么时候要交钱还是哪个银行的
0	我的社保卡扣费有问题
0	小微企业的企业所得税优惠政策是什么
0	转人工服务
0	六月十一号这边我这边代扣代缴的已经喝了三百二十块就是未成年人的那个保险费因为他那个未成年人已经转到外地去了那这个嗯缴销的在三百二十块能退吗
0	在网上怎么进行纳税申报
0	拔掉臭嘴需要带什么资料
0	个税起征点
0	我想问一下代发工资这一块的话然后我们这边开票的话要怎么开出去
0	转人工
0	疯子说问题
0	那个解绑怎么搞
0	我就是我我当然想见你原公司的财务负责人如果我没有删除的话对我会不会有影响吗
0	你好我想咨询一下呃我要扣缴增值税你们这边可以扣缴吗
1	就有屁用啊对呀
0	你好请问一下这个变更事务需要去世就是需要去税局吗
1	你大爷
1	你有病啊
0	去哪里了税控盘
0	哦你好我想请问一下就是个税申报然后的那个上面有一个城市为谁有城市维护那门的申报表我是直接点保存申报就好了还是说里面有些数字需要填写
0	社保代扣银行
1	你大爷
0	这点营业执照需要季度申报吗
0	关于借款利息的纳税问题
0	嗯是这样的我们个体工商户17年成立但是这没有在税务上进行任何操作我想咨询一下这种情况要怎么处理
0	啊哭啊
0	嗯
0	我想问一下营业执照什么省
0	社保缴交
0	直接都是那个智能客服小色哦
0	哦就是呃员工的个税报从公司移到公司之后人员信息采集已经成功但是专项附加扣除信息采集下载更新在新的就是转移到公司之后没有显示出之前公司所显示的那个专项附加扣除信息我想问一下这个到底怎么操作
1	滚
0	睡足八元
0	哦你好呃我我们公司的那个三方扣款协议额现在是东子状态然后我现在要怎么操作才能正常扣税
0	个人所得税
0	不要
1	去死吧
0	亲转人工
0	哪个我们这里好多女孩子你用的是哪一家哪一个店买的便宜我本来想把那个税务退款的那个看见那个人家和下载啊
1	放屁
0	你好
0	我咨询我社保的扣费没扣
0	我要办理购置税车辆购置税请问怎么操作
1	问你妈逼
0	人工服务
0	现在购票人
0	地址
1	你神经病啊
0	帮我转人工服务
0	企业所得税预缴
0	嗯发票勾选认证
0	你好在那个个人所得税上面进行申报企业代购了带扣的时候我这个上面一直没有显示我那个烂睡作品哎我们是一个公司的经理也就是我没办法选择每家公司给我代扣我这边一直显示空的这个是什么情况呢
1	滚
1	去你妈的
0	频道
0	我是个体工商户地址在福田变更道变更到龙岗我需要办地址变更流程是怎么操作
0	谁经理企业在国内
1	妈的他既然服务真的搞死人
0	嗯我想问一下那个办理那个电子发票是要到原所在群吗
0	你他妈的路上拿着税控盘网络
0	税务纳税改革操作流程
0	就是我厌旧了然后现在要在网上办理发票
1	你傻逼
0	发票领购
0	一定要前面一个那你爹重量数量更重重要舍不得那个半身不遂
0	哎你好我想咨询一下就是关于那个个人缴纳社保退费的哦程序是怎么走的
0	我想申领增值税专用发票在哪里申领
0	这款人工
0	我想注销一家公司怎么操作
0	克服了被你这样说好像总觉得他说剪短了坐下我就不愿意说你毕竟是机器人
0	转人工
0	酒店不开发票怎么办怎么投诉
1	大爷的转人工
0	申请一般纳税人怎么操作啊
0	白羊宫
0	七岁
0	这个月医保没有扣费怎么了
0	北京扣除项目
0	转人工
0	公司理财收入怎样交税
1	我说了你这个贱货贱货老子提出的问题正确的问题你一个都打不出来你怎么这么贱呢你接了没地方放了电话像你这种贱货的话呢你这是找死啊你理我提出的问题你打出来了没有你怎么告诉我们的
0	帮我帮我查询一下思明区的电话
0	发票作废操作
0	我想说就是
0	对方拒绝履行代扣代缴义务该如何处理
0	我想问一下就是我老公的房产现在想转到我的名字上面这样子要怎么操作废物那些罪要怎么算
0	我接收不到验证码
0	登陆账号不存在是什么原因
0	转人工
0	请问两周多的小孩怎么办一次宝
0	给岳父大人我吃了个饺子就这几天才明白
0	那个呃增值税专用发票在哪里可以查询到在哪里查询开通了去领吧
0	在开发票需要什么资料柜台盖盖子发票
0	票种核定
0	嗯你好我那上面显示我申报成功但是扣款失败失败原因是过户通讯超时通讯故障那个我要怎么操作
0	我想查询一下小孩子的社保扣扣款情况
0	我叫
0	呃我想问一下
0	人工服务
0	会麻木
0	我不骂你你都不烦我烦呐你现在就自首吧我们的娃信息给她怎么说呢然后把那就是情况来看我的吗绝对都很纠结的感情还抵不过一句话
0	哦坐地铁啊
0	哦四月份开始六个点的增值税票是否需要在三月份缴纳增值税
0	嗯增值税发票代开在哪里
0	你好我要作废空白发票怎么操作
0	个人人工客服
0	张晨帅发票代开笑啊是多少在电子税务局
0	身份证被注册
0	转人工服务转人工
0	麻烦
0	机票火车票
0	我是吧费用还没扣
0	人工服务
0	笨不笨
0	这次医保为什么还没有扣款
0	傻笑傻笑傻笑傻笑
0	你好我想问一下就是我们那个公司税务上班纳入非正常户说查无死去怎么解决
1	哎我想看我想操你逼操你逼操你屁眼
0	王爷陵公
0	涨人工
0	了解社保基数申报
0	人工转人工
0	个体工商户能不能开增值税专用发票
0	增值税一般纳税人核定信息入库失败
1	你傻逼
1	操你妈
0	你好我想问一下那个个人的话开发票的话是怎么操作
0	我看见不回答她就知道了吗到按下按伦敦
0	你是兼职人员的工资如何申报自然人税收管理系统
0	哦灵活就业怎么办理
0	喂
0	哦你好我想问一下那个关于那个非正常用户解除是怎么申请的
0	转人工
0	你好我想问一下那个屌丝的加计级减百分之十第六行为什么在本期发生了一些实际点几点来是灰色的
0	我想问一下法人实名认证的操作程序
0	嗯这个这几个字
0	嗯
0	所得税汇算清缴啊是按照当年的净利润的核算还是按未分配的利润的金额来算
0	我单位的那个开票二维码信息有误刚才我打了个电话让我下载了一个急速开票但是我不知道怎么操作
0	你好我想问一下我有空了三百二十块钱是额是扣什么钱扣了三百二十块钱
0	发票的供应商全部要他们在这个月的二十五号前
0	要是我那个一个艰难卡里面扣了三百二但是不知道是谁的我也想查一下
0	自然人税收管理系统
0	人工服务
0	你好我代开发票的话我想把代开发票下面的那个收款人和复核人写成不一样的人的名字是在哪里操作的
0	通过税务平台是否可以交纳房屋契税
0	你好请问离职人员如果海澳台在当企业在那个发放那个呃奖金的情况下还需要合并计税吗
0	没病的
0	你妈的18年开的普通发票在一九年可否逢冲
0	农产品国税代开的发票应该填到增值税纳税申报表附列资料二的哪一栏
0	累计减除费用
0	新办小规模企业四月份如何申报个税没有员工
0	那我要咨询一下这样我在扣了再报课程生产经营所得吗哦要扣款的时候银联卡后付款然后他显示等会儿失败请稍后再聊还然后从早上到现在一直这样这怎么处理啊
1	你怎么这么笨呢
1	滚
0	算了算了算了
0	发票作废
0	转人工
0	新办的公司需要办理税务登记吗
0	开票软件操作
1	你妈的梅林功夫
0	代理设置怎么弄
0	我是个体经营户
1	真笨
0	挺好的
0	我想深圳市社会保险断交一个月要怎么处理您请教
0	转人工
0	什么地方修
1	烦死了
0	报税怎么报
0	汉子
0	如何零报税
0	就是那个三代手续费
0	你睡我竟然能克服小声请问你想咨询什么
0	税库银三方扣款协议
0	没问题
0	个人所得税自理自然人
0	嗯长方体然后有一方狗服帖异常我他女儿需要防水的话需要交好多
0	个人所得税申报信息填了然后那个企业扣缴的时候看不到那个信息
0	大爷的啥子饭啊啊啊啊
0	人工人工人工
0	你好我要增加那个发票份数怎么操作
0	奔腾双系统显示扣款锁死是什么原因
0	妹
0	我想问一下嗯2018年多个人所得税超十二万的超过十二万的还要不要坐那个飞奔去
0	现在才三点多钟就下班了吗奇怪了现在不是工作时间我真的有点牛
0	什么问题嗯我想问一下系统的密码重置应该怎么操作
0	不能睡应该
1	真是个笨蛋
0	你好我想咨询一下我们是企业想想帮那些想帮员工交报税报个税我不知道该怎么操作我因为我们之前没有做过因为我们是我们是一个劳务派遣公司以以前限额最近才开始给那个员工代发工资但是现在关系到一个个税的问题
0	个人所得税扣缴费用问题
0	扣发票查询
0	我想要查一下我那个就是把小规模的那个转成了一般纳税人现在是转成功了没有想让你们帮我查一下
0	抱抱
0	汽车申报流程
0	嗯
0	爸爸为代扣成功
0	没回家海关进口增值税发票认证期是几天
0	在一家公司辞职之后那个财务负责人如何删除
0	转人工
0	欢乐的爸爸打过电话我的热宝怎么这个月还没扣啊你帮查一下
0	二零一八年的企业所得税小微企业的条件是怎么样的
1	你妹的
0	就是现在电子商务比赛开的时候超过了十万我就没办法再开了要怎么办
0	涨人工
0	个税
0	个人所得税
0	大爷你交税发票
0	请问一下五月份申报截止日期是什么时候
0	人工服务啊
0	电脑六电子废物及显示是一般企业财务报表但是在费用里面报了小企业的年报都没有什么意见呢
0	现在我在开票软件里面做了
0	真的能帮到我吗
0	你好我想咨询一下我这个是南极格服装深圳有限公司
0	我想给人转人工服务
0	个税病倒
0	安保不成功账号显示不存在
0	手机上能不能升申报纳税
0	年度汇算清缴五年补亏表不能天数
0	地税网上不去
0	就是人工客服
0	哦你好请问一下我想那个从那个就是说额做2018年年度汇算清缴里面有一个企业所得税年度纳税申报表填报表单里面有一些呃需要填报的那个那个表单里面有打勾的我现在有些事取消那个打勾我怎么去操作谢谢
0	我想咨询一下你发的短信过来我想进去怎么操作不了
0	这个回答乱七八糟的乱七八糟的乱七八糟的
0	我给我家小朋友交的社保然后我忘记停了然后我已经不在厦门了然后这个月已经给我扣费了要怎么办
0	小规模可以领张票吗
0	如何申报
0	嗯已经那个什么密码进原原操作员离职然后再报个人所得税的时候的那个密码
0	已绑定财务负责人如果需要添加新的企业作为财务负责人怎么操作
0	零申报
1	我操你妈
0	自主择业转业军人将要交养老金
1	废物网点
0	增值税申报
0	个人所得税
0	分手以后再返聘改变以后的税收是怎么样去收要不要收数的最
0	转人工
0	喂我想咨询个人所得税
0	发票一张是作废的是不是要到柜台去办理什么研究啊急什么业务呢
0	请问客人可以开发票给企业吗
0	跳表对比服务异常
0	庆森增值税专用发票
0	你好那个就是在本月应申报后三里出现那个文化事业建设费然后按申报那个刺激加载中一直不行是谁报表凌晨到
0	不想再碰到问题可多了我又傻了
0	一社保减退人员操作失误怎么返回
1	你妹的
0	未成年如何参保呢可以自己缴费吗
0	个人所得税如何申报
0	我要查询企业注销的进展情况
0	我想问一下就是
0	旅客运输服务扣税如何抵扣
0	哦转人工
1	你傻呀我操
0	人工
0	转
0	我正在使用呼叫保持服务请不要挂机
0	税额包装
0	我要转人工服务
0	喂你好那个我也想害死的那个医保怎么没看到了
0	哦小夏你好哦我我刚刚注册了我是个体商户吗然后我刚刚注册了那个其企业注册刚注册完毕然后我想在这个额就是个体的个体户了这边要交社保医保要如何操作呢
0	拉拉拉拉拉拉拉拉拉拉拉拉拉拉拉拉拉拉拉拉拉拉拉拉拉拉拉拉拉拉拉拉拉拉拉拉拉拉拉拉拉拉
0	要十二月
0	更改的新网站吗
0	小鸡炖蘑菇
0	我想问一下就是关于那个创新人才讲的话嗯它不是有个税款所属期是二零一八年的一月一号到二零零八年的十二月三十一号吗哦那如果年终奖怎么算呢因为年终奖的话一般四一八年的年终奖他会死个税是在一九年的一月缴纳吗
0	就是那个人所得税减免的那个是要怎么操作
0	人工服务
0	申报纳税显示申请正常那是是不是就可以了
0	登录国家税务总局
0	嗯收购发票发票联丢了怎么办
0	转人工
0	计较发票平台认证勾选的时候如果勾选为报税后那应该在哪个时期抵扣
0	哎呀妈呀
0	别的什么智能的烦死打不进去
0	嗯累计扣除累计减除费用只有两只累积了两个月的还有一个月的累计到怎么回事
0	打死我脸蛋啊帮我转人工
0	我想问一下新的那个歌最改革完之后那个企业怎么操作呀
0	增值税专票哦交的增值税他也想收附加税的减免吗
0	从万能版升级为十万元版需要怎么操作的呢
0	浦东漂身为潮汕精神为
0	我想查一下谢宇哲这个社保卡
0	哦我想咨询就那个
0	因血宝光光能否续缴
0	我在电脑上操作做那个三字何以发现它那个税号跟注册号受不了三个人了
0	我操
0	啊
0	你好
0	帮我转人工
0	个人所得税
0	我想咨询人工服务
0	自然人税收管理系统身份验证号码更改
0	我想查询一下购票员委托书在哪里下载
0	喂在申报那个增值税及附加税的时候他的就是不能申报一窗式比对不成功它提示是条鱼调用系统服务
0	接受了
0	转人工
0	发票认证的网址
1	你他妈是个傻逼我日你妈好不好
0	都说
1	他妈的素质都过不来到植物园那这个地方没有你你你有没有见过
0	个人代开发票
1	你要说你妈逼
0	转人工转人工
0	戴蔻代购
0	广告费和业务宣传费酒类广告支出比例
0	人工费就自己找地方住我崩溃了
0	企业变更财务负责人操作步骤
1	你是猪吗
0	转人工
0	嗯
0	在三星期
0	喂你好就是我想问一下我现在需要法人实名绑定我为绑定这家企业吗但是我进去用电脑或者手机操作它都是显示那个系统异常稍后再试然后我反复试了很多次了还是这个问题然后我想问一下这些怎么回事
0	不
0	就是说私车公用通行费的开票要开企业的那这个要怎么操作
0	小林有
0	喂
0	我问一下那个手机上可不可以开发票
0	你好问一下那个就是个税交纳的那个帐户密码是
0	就我在开发票的时候现在开不了了发票弹出来就是超过离线开票时间请上传发票后再进行开具但是半个小时就是几个小时过去了还是不得闲就是说想那个咨询一下怎样手动上传
0	昨天去开了房租发票但是缴税凭证
0	在坂田住
0	二零一八年厦门社会平均工资多少
0	个税起征点
0	人工服务
0	你好我想问一下我之前一六年九月份到17年四月份的个税因为没有抱歉的需要在网上申报要从哪里进去怎么操作
1	你为什么这么笨
0	请问增值税发票在网上查验不到怎么办
0	帮转人工服务
1	仍然是傻逼呢
0	我那个找孩子读小学的
0	生产经营所申报系统里面投资者的信息怎么办
1	机器人狗屎
0	啊不行不需要哈
0	嗯
0	你好我想问一下就是分公司的话没有业务也就是什么都没有需要报个税吗
0	呃我要变更税务机关需要带什么资料
0	我们
1	就是笨蛋
1	哦尼玛
0	验证码是多少手机动态吗
1	狗屎为什么
0	呃我是想查一下我这个牌子
0	为什么有我员工他的那个呃扣税标准后个税扣除标准为零呢
0	我现在的社保卡已经停了从去年的六月份到二零一九年到现在没有教我怎样可以续交这个费用
0	哎我想问一下是不是低级了是人就不冷了申请发票
0	喂你好我想问一下就是我这个纳税个税申报为什么那个申报不起他的那个发送申报的时候塌陷的不是蓝点不点点击不上去就是申报不起
0	王强查询那个发票嗯没有笑脸吗只有机器编号怎么查询
1	我操你妈呀
0	解除自动扣费
0	个体户的生产经营所得是定期定额请问一下这个的话会在哪里申报应该怎么申报
0	你妹
0	缴纳印花税
0	文化建设税的表格在那下载
0	股权转让过程中自然人转让给企业
0	卡拉是每年
0	哇我想问一下就是那个我在注册的时候收不到验证码是怎么回事啊
0	失业金需要本人去办理吗
1	狗屎
0	曾氏增值税的凌晨把怎么申报
0	你是狗骨胶
0	你好
0	看我是不是有没用的呀好像没错
0	哎发票开了但是没有收到是怎么回事网上代开的
0	个体户发票增加
0	嗯人工服务
0	你好给你鼓励一下我个人的去那个税务局开那个普通发票的话那这个公司还要再交个人所得税吗
0	自然人三方协议怎么填写
0	嗯我想要咨询那个工伤电了董事是保税区也要去变动是
0	变更公司信息从哪里操作
0	缴纳的社保呢在个税之前不扣吗
0	还反转让税收问题
0	增加购票员
0	纳税登记之后多久可以报税
0	网人工
0	个人所得税
0	人工服务
0	十
0	那个个税生个税更正一定要到主管的社会机关更正还是其他区的税务局也可以更正
0	转人工
0	我要亲吻请问一下猪肉的税率是好多
0	我想问一下我卡上
0	喂你好
1	妈个逼
1	请问你想咨询什么问题来说三遍操你妈
0	跑跑
0	是吧小孩睡吧
0	转人工
0	等一下到那边去了
0	个人所得税申报是怎样操作的
1	操你妈
0	我就像我和我老公做的事怎么都不切到单位了嗯
0	最高限量发售之后现在要去税局领发票然后我在网上怎么操作
0	就是我我发票怎么查询
0	好几家那个那么笨呐
1	你是傻逼吗
0	你好我想问一下那个奇才内成员单位之间那个免息借款的时候那个增值税是现在是可以不交纳企业所得税是不是有同样的优惠还是说企业所得税还要作两边的那个那是挑战的条件
0	我想请问一下我一个没有买点别的房子如果这样给小孩要交什么税
0	人工服务
0	我导航要交多少税
0	我这个月报税不能下载那个税务局的和和定核定睡那个数据
0	那我问一下你客户说他公司上次服服的那个百分之十的家具
0	我这里吧我要找不到你你是哪个姐妹呢
0	哥怎么什么都不鸟啊
0	嗯我想请问一下这个呃增值税专用发票冲红是怎么操作
0	当然多
0	就是那个税种核定的话我是可以自己弄的是吧
0	我操
0	演员
0	转人工
0	网上发票代开的上一个操作
0	嗯
0	我现在这个深圳的一家企业呃一个是个税那个嗯客户端没有申报还有一个是二零零八年的第四季度呃记住那个孙氏申报的时候逾期请问现在我这东西该怎么处理呢
1	操你大爷的妈的
0	生病吗个人所得税初始密码
0	我这个票现在开不出来我开票的时候他本月他说那个本月已经开具金额加上本次要开具的金额之和大于当年现开金莲
0	为人工服务
0	你好我想咨询一下那个人所得税居民个人劳务报酬所得税预扣预缴这个是怎么个操作法
0	投诉
0	那之前的二零一九年四月一号之前购买的不动产已经就是已经那个申请了
0	扣不了税个啥
0	病理公司名称变更
0	三百二的社保是什么费用
0	嗯扣费问题
0	操
0	个体户的个人经营所得需要怎么报
0	就是法现在不能登录这个税务
0	注销资料
0	我想知道为什么垫子上全是血
1	是狗扑人工服
0	妈的我现在没暖气
0	今天都是上班
0	嗯我想问一下啊我那个购票员那个授权委托证明书已经加盖公章还有法人章为什么他上传不了说我的信息还需要再盖章呢
0	投诉
0	喂你好
1	你妹呀三零八票不成功或者直接给我转人工服务
0	阿珍是谁认证可以在网上自己认证吗
0	嗯金税盘的润滑油库存没有啊这个应该怎么操作老是卡已经注销了
0	大狼狗
0	我想要查一下我要怎么开具我的完税证明
0	查询纳税人识别号
0	个人购买福利彩票取得的奖金是否缴纳个人所得税
0	你好我想咨询那个税票的问题
0	啊我的那个哦个体户工商执照的法人现在我这些公司要注销但是他这个法人跟我营业执照的不一样
1	滚吧
0	红色信息表防治信息表
0	喂你好我是小规模纳税人申报增值税但是我这一次昌的时候会出现错误的提示
0	哎你好我想咨询一下私嗯科苑路深圳湾一号这里是属于哪个税局啊
0	我想问一下我忘记了自己的荡妇名就是荡妇民五怎么办
0	转一天功夫
0	发票验旧该怎么操作
0	你好我就想问一下现在不是说要切换那个平台我们要怎么去操作嘞
0	你好弄一下那个小规模企业普通发票不能享受减免税吗
0	嗯你好我那个申报个税的名字写错了那要怎么办理
0	哦我想咨询那个升级成一般纳税人需要
0	酷狗转人工
0	我想咨询那个钱那个综合的那个薪金纳税的那个
0	真滑稽呀这样不必多说一句话一会儿见
0	出租房屋的税率是多少
0	告诉我操作问题下载更新
0	我不知道怎么跟你讲
0	哦就是那个一般纳税人后转为那个小规模要怎么操作
0	转人工服务
0	谁
0	哦我我想问一下就跟我那个什么登陆那个就是申报的时候登陆这个识别号码他说我的账号不存在啊
0	明天
1	猪吗
1	你傻逼吧我要人工你是人工啊
0	我要失明税务的点柜台电话
0	预约平台进不去
0	丰都到石柱的动车晚上是几点钟的有没有
1	你妈的屁
0	怎么把我的医保情操
1	二逼
0	哦要更换那个单位的那个税务购票员要怎么操作
1	你是猪
0	转人工服务
0	我说我这个机器打印机有毛病心
0	分配本金需要缴纳企业所得税吗
0	妈呀
0	超限量购票特批登记
1	滚
0	同时在两家
0	就是税务那个第三方代扣协议在哪里填
0	社保申报了但扣款不一致
0	额请问网上申报的那个网址在哪里网址是什么
0	我的那个
0	嗯企业首次申请增值税专用发票
0	发票问题
0	狗狗真的很痛苦窗口然后你那个应该也失去这份工作的呀怎么去刚才的窗口一旦开始了吗
0	如何操作呃
0	打电话把这个账号
0	请问所得税申报那个按钮按完之后应该下一步操作是什么
0	定襄票的继续留底继续抵扣哦申请通知是什么是什么形式给我吧给我的呢
1	狗屁没事给我找了个智能数字我怎么跟他说句话呀
0	增值税扣款
0	这个那个税务登记那个密码错误了怎么办
0	个体户就是那个社保新增需要什么条件
0	反正我信了你
0	增值税申报不了
0	你好我那个个税申请一直都没有通过不知道是什么原因能帮我查一下吗
0	股权变更税局备案网上操作
0	二零一九年
0	请问有几个企业的办税员的身份的话是否还要坚持啊购票员积分才可以购票
0	嗯
0	人工服务
0	呃代购个人社保卡的
0	你
0	我想那个取消一个人员又说十月份里我们有个子宫她你离职了就没有我怎么来把他取消的屌
0	嗯这个保存着睡的时候提示一七五零一发起申报失败是什么意思
0	扣社保扣缴不成功的
0	哎呀
0	社保年度申报表
1	笨蛋
0	请问一下我那个办社医保现在不懂的本要怎么办呢
0	妈
0	转人工
0	交医保社保怎么死
0	转人工
0	个税在哪里申报
0	我要代开发票
0	喂你好我想问一下就是嗯车辆购置税是不是从七月一号开始实行新的规定
0	增值税税率是多少
1	你傻啊
0	转人工服务
0	转人工
0	转人工
0	嗯我想问一下就是嗯税率下降到百分之三的行业有哪些
0	境外演员实名验证烦死了验证那该怎么资料到现场呢
0	零
0	哦我要问下为什么我过不了票
0	嗯
0	搬凳合一是否要先过来办税务登记
0	日你
0	我想问一下那个税种启用怎么操作
0	额我我们现在有一员工就是五十岁退保了然后我们想现在续保他说要提供两份表格我要到哪里去下载
0	一个人出租房屋的电费要怎么开票
0	为什么有人的基本扣除费用为零
0	定期定额到
0	呃个人独资企业每个季度是不是要报那个增值税啊
0	嗯金融商品转让
0	变更对税务登记
0	出口报关转内销
1	你是傻逼吗
0	我需要转人工台
0	我之前提交了一个是综合年度申报现在我修改为扣缴义务人申报哦直接修改了就可以吗
0	嗯我找一下人工
0	蛋白粉
0	零售互动平台授权信息显示网页显示错误怎么处理
0	呃我想问一下那个连锁的十二万还需要申报吗
0	嗯我们开了增值税的代开了增值税发票然后现在客户要求要开普通发票我们应该怎么操作呢
1	你神经病啊现在纳税人套餐型是一种那里没有弄成功什么情况
0	增值税政策
1	你还不去死
0	我去深圳睡了我技能
0	这个社会已经十万位吗普票真的喜欢你现在股票十万没了吗十万位的尊重
0	个税申报逾期了怎么办
0	保理业务买方贴息发票是否可以开给买方
0	帮我转接人工服务
0	我想询问一下深泽县农村则是的吧
0	转人工
0	额前台申领发票需要做什么
0	企业所得税申报
0	医保代扣
0	过是否还操作方法
0	我要转接人工台
0	不是他
0	跨区域涉税事项报告表
0	变更绑定的手机号码
0	请问一下发票那个额度申请怎么样操作
0	你好
0	嗯我想咨询一下那个新注册的企业网上登录的问题
0	我想问那个营业执照必须带那个登记机关了就行呗
0	四月份以后税率百分之十三如果我们开了百分之十六的税票这部分的票需要怎么备案还是操作
0	个税个人所得税的申报
0	更正申报
0	你帮我查一下宝鸡桥南税务局的电话
0	转人工
0	播放
0	你好嗯我现在需要嗯有客户要求我们开十六个点的专票我应该怎么操作呢
0	所得税年报
0	我想回答呢嗯个人个人名义去开的发票我们可以从公司对公账户付款给他个人账号账号吗
0	你好把转人工服务
0	个人手术费返还怎么操作
0	请说普通话转人工服务
0	个人所得税起征点是多少
0	柜台缴款需要带什么资料呢
0	第一次怎么到那个网申报个人所得税
0	在申报个人所得税的时候
0	报税问题
0	转人工服务
0	金税盘锁死要怎么解封
0	个人办事平台我填的那个逼怎么提交不了
0	人工服务
0	走吧存量房
0	我不觉得那个社保代扣六月十五号怎么没有代扣
0	加计扣除当月当月已经交了申请是可以连累申报吗
0	我需要人工服务
0	添加港澳通行证的人要怎么弄
0	小规模纳税人能申请十万元版发票吗
0	哦
0	我要申请超限量的审批但是你们一直没有拼衣架我古筝资料我不真的都不知道在哪里上传你们可以告诉我怎么操作吗很着急
0	但人工服务
0	未成年社保扣款
0	你问那个我
0	财务报表年报
0	猪不动产租赁税率调整
0	训到听不清楚听都听不懂嘎啦嘎啦嘎啦
0	增值税纳税申报表适用小规模纳税人怎么填写
0	呃深圳直系亲属房产过户
0	嗯请问个税申报系统是要下载客户端吗
0	喂嗯我妈申报那个企业所得税
0	喂你好
0	如何进行申报
0	嗯
0	邻居说
0	欲申领发票
0	补申报个人所得税的操作方法
0	人工
0	发票认证不通过
0	你好我现在有几个人收入需要需要开一个人的名义申请一一个发票申请一张发票开到对方的公司我想知道一下我需要缴纳多少金额大约是十万块钱我想知道我需要缴纳多少的费用
0	现在不要帮那些妹妹你就把我那个拔下就可以了
1	笨蛋
0	我想请问一下我公司地址变更那我发票上的地址要怎么变更还是要去国税备案吗
0	这样吗别约不到
0	嗯
0	这个密码好象不乐意现在登不上去了怎么办
0	税务变更登记财务负责人数据有误或为市民怎么操作
0	票种核定申请
0	我想咨询一下就是说我二零一四年买的那个社保
0	就是我的医保还没有扣钱要去哪里补交
0	帮忙查询社保卡二月份的有没有交进去
0	报税系统出现异常提示需要联系系统运维人员进一步分析处理
0	老板死的话会升级了转人工
0	为什么农民工的子女不在学校读书就为我在公司里面一百块就会再扣五块钱呢
0	申请最高限额
0	可以所得税生产经营申报表年报问题
0	我想咨询一下那个山寨小区配的哦感烦申请要怎么操作
0	那怎么找你耍我啊
0	就是我那个狗嘴
0	转人工转人工
1	你滚
0	八
0	天气预报接触不良怎么办
0	首次办理税务
0	为什么请问还能不能看到看见这等你在哪里快开演
0	这个屌用啊想睡觉
0	一号一号违约
0	哎妈呀这样我怕会说
0	嗯
0	你好我就是卡着死了我要怎么解锁然后我因为这段时间都没有因为我没有派件人要是没有报但是我们之前我记得报到的呀怎么现在说又锁了呀我没钱上个月去剪了呢
0	申报密码错误应该怎么
0	文化事业建设税的免征收入是什么
0	嗯小规模增值税小规模纳税人条件
0	发票领用申请审批
0	申报反馈失败
0	哎你好我想咨询一下小规模纳税人转一般纳税人是怎么操作的因为我在网上申请了但是他提醒我说要带包资料那个资料是是手工填纳税人那个申请吗然后这个表格在哪里找啊
0	个税怎么申报
0	想问一下那个单位社保编号是什么病
0	哎呀
0	因为那个一个一个的表妹然后我们就把电脑关了做一版也出来的说的在家叫他给的那个勾勾点掉你们再去洗澡
0	星期三什么天气啊以前有一个收购信息现在想重新添加一个怎么添加
0	你好公司停业可以吗
0	妈呀
0	我想人工服务
0	增值税纳税申报表附表的税额及检查情况表那一个甜
0	表明自己不的人申报怎么在手上怎样操作
0	那个个税申报为什么他一直是申报失败的
0	我要咨询一下就是我的说的话明明已经绑定了手机号码为什么我申报个税的时候说我没手机号码
0	境外服务费
1	你好笨发票勾选认证平台显示那时间档案信息不存在是怎么回事
0	竞争购票员是要去考一个什么证吗
0	很够个税终端
0	预约南山国税的好九八三八三
0	第三发扣款协议
0	一八年度的社保的这个缴交基数在哪里查询
0	不方便来一个大坏蛋哦我这里有你有几个我没有妹妹有没有稍等一下
0	我还是给你人工台
0	转人工
0	啊
0	你们查询平台有问题啊
0	请问一下我这个医院十四号下午扣费三百二十叫谁的意思吧的
0	哦就是我现在普票要变更为一六版的那要怎么操作
0	商铺报税怎么报
0	我爸那个个人舍得睡怎么办不了
0	你好就是想跟你咨询一下那个呃增值税专用发票额增加面额增加面额的操作流程
0	白巫婆想问一下我在世贸的手淫
0	喂
0	你好我想咨询一下那个就是
1	死于安乐
0	我从这怎么聊一聊的来个屁啊
0	喂那个工商税务登记收入在哪里办法人是火车呢
0	人员信息添加不上去
0	嗯的三方协议如何签在网上去
0	今生所有转出
0	烦啊
0	我想问一下那个企业所得税一搜的要怎么抵扣啊
0	我的增值税为什么不能报啊
0	唱支红歌缴纳个税
1	你去死转人工
0	转人工
0	我们这边是很笨啊但你那个外边正
1	混蛋看
0	凳子税发票三级到十万元
0	一六年办的发票如何申请呢
0	哦哦或许反馈失败是什么意思
0	出口免税
0	跨年红跨年专用
0	新开个体工商户如何如何开增值税发票
0	你好像垃圾桶都没有好呐
0	发票丢了
0	增值税申报
0	请问我们个体户需要交税吗
0	我想咨询一下就是我们二月份的工资然后还没有发然后打算支付三月份的工资一起吧四月份吧然后这样的话我那个个是是报纸的话需要怎么办
0	请帮我接人工
0	人工服务有一天
0	哦五月的社保缴交基数变更在哪里可以查到
0	什么
0	小规模纳税人转让二零一六年四月三十日前取得的土地使用权
0	我知道人工服务
0	解锁税控盘
0	呃我想我得睡有问题然后睡所度假的我想去接要带什么资料
0	我现在想想在个税系统里面算一下第三期的个人所得税应扣的那个税是多少怎么样操作
0	我是退休人员了还要交社保吗
1	哎呀烦死了
0	我怎么查询我们已经被解了非正常户
0	视频区国税局办税服务厅
0	未成年医保缴费三百二
0	系统异常请稍后再试是什么意思
0	代开专票
0	哎
0	企业所得税工会经费的扣除标准是什么
0	个体户一月季度啊起征点
0	我想问一下嗯做义工的股东然后没有没有工资这种情况要不要申报个税
0	我可以查一下社保缴费吗
1	日你妈人工不人工服务
0	嗯
0	喂你好
0	现在我没小孩现在还在学校我是学生然后他现在买了十八周岁然后在社保那边交不了那我们要什么用什么方法来焦作帮他交那个社保
0	好霸道
0	初始密码申报初始密码
0	个体工商户办税
0	你好
0	哦我们是一个酒店用的那个五一发票的那个开票软件但是之前那个购票员已经离职了我们想更改购房是需要怎么样去操作吗
0	一二三四五六三
0	去外面系统域名变更怎么办理怎么操作
0	工作一社保
0	转人工
0	一
0	想要咨询一下这个哦出资额谢谢那个个体工商户营业执照上面的那个出血了的话它是关系到我们接下来要交高的那个税务是狼
0	嗯在哪里下载那个自然人纳税那个系统呢
0	代开增值税普通发票的操作系统操作过程
0	操
0	你好
0	你好我想要屏保要怎么操作
0	人工服务
0	请问一下就是呃累计的附加扣除我在新单位的时候你怎么怎么就是查不出来呀
0	人工服务
0	我想知道这个不填数据可不可以因为我的企业没有收入没有收入没有收入重复一遍没有收入我的企业没有收入怎么写这个申报怎么填这个增值税申报好不好我没有收入没有收入
0	喂你好我那边有一份发票那个一直没收到是什么原因啊
0	我想咨询增值税发票选择确认平台如何使用
0	我想咨询关于缴纳社保的问题
0	普票作废
0	我是个体户
0	哦就是说这个月我的一社保还没有扣我就想问一下到底怎么回事
0	个税申报初始密码
0	小规模纳税人代开增值税发票
1	妈的去死吧
0	哎我想我现在在报社我想太鸡精进项数据我怎么采集
0	代开发票如何办理流程
0	哎你好我想咨询一下电子税务局就是说我现在的话要把财务负责人跟办税员全都变了啊那我要怎么操作了嘞是要先去柜台提交资料还是直接在电子税务局可以办
0	你们之前好像没有这个事呢这边没有到那个窗口哇然后还要也没钱啊废话就想好一点要报废帮你
0	你好我想问一下那个那个开发票所死的卫报说的怎么处理
0	是吧
0	转人工
0	法轮功
0	我卖了一个工钱总服务区哇那那个狗畜生禽兽会陪那个谁吗
0	哎
0	呃心里新的一年的社保缴交基数
0	哦那个季度申报是怎么操作的季度申报
0	增值税专票代开
0	共三万元薪水
0	人工数
0	网报密码如何重新设置
0	那你是谁发票的熟悉
0	要购房契税现在是怎么执行的
0	哎哎请问要那个以单位名义交税那个个体工商卡里吗
0	新浪说以后开票怎么操作
0	我想问一下哦一般纳税人做建筑服务行业的就就是提供建筑服务的能够选用超额预缴吗去外地经营的话
0	你好我想问一下这是我是个体户的想要代开那个三个点的那个增值税
0	税控盘抄报
0	就是那个城镇土地使用税在哪啊
0	网上认证发票提示操作
0	社保补缴
0	哦个体户的那个定额现在是怎样改改进呢
0	人工客服
0	你好我想问一下就是我以前办的这个营业执照开了一家店吗然后现在好久都没开了然后这个营业执照要注销了是吗
0	个体工商户如何缴纳个税
0	怎么查普通发票的真伪
0	擦
0	哎你好我想请问一下嗯我在西峰盘子里面开农产品收购发票应该怎么操作呀
0	我想你发票
0	我想咨询个人所得税手续费返还的流程
0	人工客服
1	去死吧
0	按罪人员变更网上怎么操作
1	狗屎为什么
0	增值税的退税
0	没有人工湖
1	马屁
0	转人工
0	申购发票是一个人去购买发票是另外一个购票员这样可以吗
0	生物补申报
0	企业新添办税人员怎么操作
0	买房子怎么扣除专项附加
0	代扣代缴手续费返还
1	你吵死人吵死人
0	人工时间
1	诶笨蛋吗
0	经营所得税个人经营所得个人所得税季报申报了但是要重新申报要怎么操作
0	前台申报的那个个人所得税要去哪里去更改
1	这么笨
0	解决她算可爱哦那起来干嘛你解释一下
1	傻了吧
0	个体工商户怎么来办税
0	个税如何添加
0	王耀武你们说我的用户号是多少
0	不管能不能够看
1	去你妹
0	喂
0	我想申请授权办税员如何申请
0	深圳电子普通发票从官网查不到真伪
0	在扣缴个人所得税报表报告表申报的时候为什么哦发送申报了以后总是显示申报失败
0	我想问一下那个小规模可以申请代开发票吗
0	自然人税收管理系统扣缴客户端哎呀
1	小笨蛋
0	感人工
1	滚
0	添加港澳
0	个人所得税起征点多少
0	半岁一曰
0	喂你好我想那个问一下远程修改个性密码要怎么操作
0	人员信息采集的病人
0	是我的哦税控盘没办法在申报的时候抵税呢想问一下是什么
0	额就是这边显示系统我是茂哥睡的时候显示系统繁忙文件解密出错请稍后重试是什么意思
0	悲剧民企原合同备案
0	增值税的起征点是多少
1	你傻啊
0	企业所得税交多了怎么办
0	瞌睡申报但是发短信租房未申报
0	美女
0	你好我个人开专票的话出租房屋开专票的话租金在五万以内的话在十万以内的话税点是怎么收的
0	文化事业建设费的缴费工资那个怎么解释
0	社保基数申报
0	纳税人享受专项扣除专项附加扣除应当如何操作
0	个人所得税完税证明怎么开具
0	个税操作指引
0	转人工台哎哟哎哟天哪转人工台
0	今年有几个吹嘘品质都只有一个那些识别号
0	我自己
0	嗯增值税申报扣除的
0	我问一下我开发票的啊手机把这些数据全部清楚了我要下载一个什么软件
1	傻呀还是人工服务
0	你好就是我想问一下比如说我们一八年的年奖计算个税要要
0	简易计税备案
1	哦现在在洗澡啊混蛋
0	你好我代开发票四万块钱呃微信缴税一千二百三十四块九毛四但是发票倒过来上面写着是税前是一千一百六十五块零五怎么回事啊
1	烦死了
1	滚蛋
0	社保补缴
0	企业所得税是在电子税务局申报就可以吗
0	我想查一下我狗车的购置税发票
0	你好我想咨询一下哇精分
0	你好我这边被扣了两笔款我想找一下是扣的是什么代购税费
0	我的狗个税算不出来我想知道下原因然后我要怎么解释你的对话我放了七分钟它都没有停止没有声音
0	嗯人工服务
0	妈的排队十个人就这样子他们话务员是几个
0	只是装备
0	我想咨询一下我那帮小孩子那个代扣的那个意思一医保费用怎么买还没扣啊现在不是说到七月一号就够了最快六月的六月十八号怎么还没扣
1	讨厌死我不要紧
0	诶你好我想问一下就是我申报这个个税然后我申报状态失败他说我的原因是申报所属期已申报请不要重复申报但是我之前没有申报成功过
0	我想知道我这个营业执照在哪里省
1	所以狗屁
0	如果我要自己缴交社保不需要公司交自己缴交的话要怎么操作
0	你好我想咨询一下就是我个人做所得税的那个自然人税收管理系统扣缴客户端他是有一个就是说要网报密码和申报的手机号那个验证码的但是我这个手机号我已经已经不是不是我的了我现在接收不到那个验证码然后这个需要怎么样操作
1	你去死吧
1	滚
0	每个人每个月的个税交税额不同
0	那个小规模企业
0	我想问一下那个租赁附加税我
0	人工
0	嗯领导今天说我想要了解一下说客人比如说个人经营户能不能参保嗯参加酒会那个社保问题
1	你滚
0	税务变更需要办理
1	你去死喽
0	你好是这样子呃我们的我没有的公司是二零一八年十二月份的认定为一般纳税人的然后之前的话都是小规模增值税每个月的增值税都是季报能不能现在我们想转成月宝然后系统的话它是没有自动转成乐宝这个我们要怎么处理
0	三百以内的消费是不是不需要发票报销
0	人工服务
0	我操图片的话需不需要必须是添加备注吗
1	你说你大爷再说一遍
0	人工客服
0	任何想咨询一下就是现在我想网上购买发票然后直接快递的话应该怎么操作
0	操作失误多交款
0	过去工商铺代开发票事宜
0	转人工
0	人工湖
0	你好我想问一下我现在的缴纳社保是年限是七十一个月我想能不能加到九十八个月呢
0	呵呵笨笨是宝安区高层次人才奖金要缴个人所得税吗
0	龙之血啊嗯
0	转人工服务
0	个人取得利息收入应该缴纳什么
0	喂
0	哦我那个纳税申报那个报表呃错了要更正申报要在哪里操作
0	这边可以帮我查一下发票吗
0	不过扣缴义务人减税降费问题现可通过三号服务专线咨询令我局门户网站也开设个人所得税改革专栏及时发布个人所得税改革的有关信息如果您想了解个人所得税有关的最新政策常见问题填到模板操作指引和视频培训课程建议您登录深圳市税务局门户网站的个人所得税改革专栏进行查阅或下载谢查询请按一社
0	你
1	机器人有屁用啊
1	转人工服务啊你妹的
0	你好我想问一下我们的项目在宝鸡工程地点在宝鸡金台区陈仓路七十三号我们这一个跨地区经营构筑物主管税务局是哪一个是宝鸡市的哪一个数据
0	销售软件产品税率是多少
1	干你妈呀
0	啦啦啦啦啦吧吧
0	我现在想弄个大叫声申请更换了的话怎么操作
0	转人工
0	嗯老公我那身哦工程项目一角
0	人工服务
0	转人工
0	八
1	王八蛋
0	想问一下嗯装真的是装票最高就是像哦就是深的话应该怎么样操作
0	支持哎消化之前送到的时候有发验证码
0	怎么纳税申报个体工商户怎么纳税申报
0	帮我查一下一年每年度的那个扣费情况到现在还没扣费
0	我是猪
0	请教
0	自然人税收管理系统扣缴客户端初始密码是多少呢
0	个人所得税逾期申报需不需要缴纳罚款
0	发票开错了
0	如何增加购票员
0	人工语音
0	网上申报那个
0	购买发票要预约吗
0	个税验证不通过
0	可以唱一次的分开吗
0	你好我想问一下那个我那个设社保已经提交了怎么把他提交的取消还没缴费
0	人脸识别无法操作去哪个税务大厅
0	公积金账户登记
0	一社保个人缴纳在哪里缴
0	啊我想咨询一下我申报老外说的时候为什么会说
0	申报纳税
0	你好我想咨询一个事情就是说个人所得税中嗯我的父母已经超过六十岁了但是我是兄弟姐妹有三个但是指定被指定分摊指定我一个人享受这个但是在在填这个个人所得税这个上传信息调度钱都被赡养人信息还是填到共同赡养人信息这一栏
0	嗯就是哪个拉屎登记我在电子税务局上面查我们已经是第一批了科室来个板栗发票他说我们还是绑定不了是史迪奇他说
0	我这边有一个那个员工他这边一直提示说他的名字跟原来的数据库里面的名字不一致但是我们这个员工已经到那个税务局去变更过了两次了都都已经说他那边电脑已经变更过了但是我这边还是比较不了他的社保啊
0	转人工
0	首次申报税务的流程
0	怎么怎么样填表申报
0	请问物业管理费的增值税征收率是多少
0	发票发放需要携带什么资料
0	哎呀我是南京的这边有一张里面深圳的电子发票为什么在国家税务查验平台上呃说代码有误
0	困得睡吧票血站平台
0	医疗保险扣费情况
0	去你问一下房产税的缴纳
0	查询申报信息
0	我想哦问一下就是那个现在不是可以叫你叫吗十六降到十三然后的话我们十月份以后还要开十六个点的发票的话应该怎么操作
1	给我滚
0	人工客服
0	哦我这样那个我们转让已使用的固定资产是
0	你好你好
0	转人工
0	最胖被锁死
0	哎呦我的我想你因为我的企业吗他二零一八年的嗯净利润是负的三万五千八百七十八但是他有个四万两千的一个呃职工薪酬那他她那那那这个这部分的职工薪酬是屌丝吗在计算企业所得税的时候
0	喂你好我想问一下就是如果是呃金税盘锁锁死区要怎么去接受呢
0	呕死你叉车
0	废物技能客服小声的问领奖咨询什么
0	黑独立核算分店取消企业所得税汇总备案后如何申报企业所得税
0	南岸区购置车辆购置税在那个网上再怎么购买车辆购置税
0	去那个办证大厅办理的时候那个一她已经进入那个扣款项了但是电脑死机了但是在查询不到我的信息了
0	我小孩的社保卡既挂钩银行卡的但是发现你银行卡没钱了现在才发现深圳台南补交那个那个钱吗
0	冷宫
1	笨蛋
0	退出
0	人工服务
0	就是我想问一下你们那边税务局的然后机器打出来为什么查到信息不一致
0	人工服务
0	哪
0	想咨询自然人税收管理系统客户端的问题
0	我想问代扣代缴的个税去哪里退
0	我现在的法定代表人已经变更了但是睡不着系统上面看到是没有变更的
0	元月十四号题注销七月七需要办些需要什么手续
0	嗯医保查询
0	我在
0	我要查下那个在电子税务局里面查一下外经证换新证在在哪个里面可以查找
0	额请问一下在核定核定发票呃怎么删除漂走
0	我问一下那个就是漏认证了哎呀
0	税务管理员
0	我想问一下汇算清缴政策风险里面说我们有次数滞纳金但实际上没有这个点
0	股东变更
0	想问一下消费税的附加的
0	现在客运服务的发票可以抵扣增值税吗
0	我不是要问哥是呀我要问社保
0	个人所得税
0	转人工
0	哦你好这是我想问一下就是刚出生的宝宝然后他的爸爸妈妈没有结婚证包邮了有互撸了户口了然后可以拜一社保吧
0	是在宝鸡开的然后在西安南郊那个什么
0	工业工程合同
0	地税电子签章流水号在哪里
0	疯子睡进项抵扣是不是只要在下个月的税期之前进行勾选确认都可以抵扣在这个月了呀
0	哎
0	这个社会已经十万位吗普票真的喜欢你现在股票十万没了吗十万位的尊重
0	嗯这是如果我们公司新招进来一个人那他之前的那个专项扣除还要扣除吗还是说
0	嗯社保可以补交吗
0	呃我配偶的那个大病医疗支出是否可以在纳税人税前扣除
0	个人所得不是个人
0	呵呵转人工
0	转人工
0	用法注册还是用
0	我要把我的房子
0	喂你好
0	个人所得税手续费返还
0	我的银行卡扩权的金额过三百万的金额是扣给谁
1	天冷的天操他妈的
1	你傻了吧
0	大家都赶紧过来抱一下联通
0	二的套餐
0	嗯我想了解一下那个股权激励涉及到的那个预言个人所得税事项
0	票种核定
0	请帮我转人工服务
0	哦我离开了那个呃交的物业管理费好多没开音那个发票我们要求开发票
0	二零一五年逾期的个人所得税在系统上怎么报
1	他妈的我没有听到客户
0	增值税怎么收
0	自然人税收管理系统扣缴客户端需要税款计算但进行不下去可为什么
0	帮我转人工信息
0	社保怎么还没扣费
0	今年的社保基数出来了吗
0	那个对公账户扣税需要提供什么资料啊
1	我操你妈
1	今天死机了吗是一部什么意思吗抱不起啦你不懂吗你这个傻瓜
0	呃我想问一下那个注销出口退税资格的那个药需要什么资料啊
0	嘎嘎
0	你好就是我那个财务负责人是我然后但是到那个个税软件远程操控的时候那个软件里面没有这家公司
0	转人工
1	死人
0	请问一下那个个人所得税申报的生产经营表的那个三方扣款协议去哪里签
0	怎么行啊
0	我在微信上申请个人开发票的操作时经常会出现接入有误的情况是什么
0	个人所得税完税证明需要带什么资料
0	哦你好我想问一下就是那个就是会计人员离职后为什么那个该死的公司信息还要发到我们这个手机上面来啊
0	我靠
0	喂
0	就是那个发票盖错章了盖成公章了可不可以叫爱呃发票专用章上去
0	才去
0	我想咨询那个我刚才有一条信息扣社保三百二十是什么项目是什么什么名字我怎么会有扣这个扣这个费用想查询
0	请问一下专项附加扣除好那种信息的查的出来啊什么时候开始填写能查出来吗
0	你好我个人出租房屋商业的房屋假的资金在五万以内的我开专票的话这个税点是大概十几块钱
0	系统系统出现故障
1	你知道个屁
0	我的手机费
0	雷军问我我这个月的那个社保怎么还没有扣扣费
0	你好
0	不想问一下那个下面那个社保增员要怎么操作
0	中国电信股份有限公司发票代码二五零零零开头如何查询真伪
1	你是笨蛋吗
0	怎么回答喂
0	你好我想咨询一下呃那个吧嗯增值税发票代开是在哪个网站呢
0	五千起征点扣除问题
0	就是那个现在现在小孩出生满那个一个多月有参保那已经有去办贷款了什么时候会扣
0	企业留抵的增值税可以申请退税吗
0	跨越的红字发票怎么作废
0	人工
0	不过也是最傻的儿子征税
0	劳务分包合同有涉及部分的材料能不能
0	医保委托代扣
1	滚
0	个人所得税生产纳税经营所得税申报表
0	偶尔询问一下今年我的社保卡
0	我要填发票备注需不需要填工程名称跨区域如何才叫跨区域
0	办理
0	哦就是个人汇款到公司账户然后开拍要开开个公司这样可以操作吗
0	现在增值税申报增值税现在那个的时候一窗式对比则老是出现异常是什么原因呢
0	哎
0	增值税专用发票最高开票限额审批
0	哦我想知道那个呃
0	个子为什么报不了
1	我不要你你给我滚大哥真的没不见了
0	平台好现在不是重新修改了就是我要认证的发票吗那我他是说不退税凭证的发票在上传操作前进行删除那我只是先点一部分
0	你好
0	房产税
0	关于
0	真不知道怎么说
0	是呀
0	婆娑我的身份
0	我的扣款没成功但是卡上没钱我说现在卡上有钱了怎么现在还不扣我是怎么原因要什么时候才扣
1	好不好使怎么玩妈了个逼都气人了
0	小规模可以代开除了三个点以外税率的专票吗
0	哇去那个丁丁的傻了吧
0	我在那个曾申报增值税的时候在那个纳税表增值税纳税表附件资料一包装的时候保存不了显示的是五快递服务发票五对应税目
0	心血出租汽车一个月收入一千多钱
0	傻人手机号码变更
0	总是说密码不正确登陆密码为什么总是输的的过后都无法正确呀
1	你作业没写完烦死了
0	优惠备案在哪在哪里填写
1	我想骂人
0	网上说不用啊所以我就确认一下
0	三税控盘锁死
0	那么笨个人所得税扣缴税款登记表在哪里下载
0	请问领取了地址变更后的营业执照后要带什么文件去税务局登记呢
0	一般纳税人一千
0	你好这个我给小孩子绑定了那个医保卡什么时候扣费啊
0	个税申报
1	你有病
0	什么时候是工作时间
0	
0	可你好我想问一下那个即征即退正式申报怎么报啊
0	你好现在个人所得税是一块然后是劳务费的话这是是否也有那个减除费用每年六万还有加上附加复仇呢是按年清缴呢二年汇算清缴了
0	壮阳功
0	我说晚安
0	这吧
0	大病医疗附加扣除怎么扣的
0	我要申报税该怎么操作
1	去死一个税务局
1	滚
0	转人工服务
0	诶那个像费的哦说听说十六点将十三个点哦十点将九个点请问什么时候实施啊
0	嗯金税盘轻卡需要携带的资料
0	请问为什么是这个税申报它总是提示密码效验不通过是因为什么
0	渝中区税务大厅地址
0	一
0	嗯怎么补缴医社保
0	转人工
0	我爱你了他找死去了
0	运输服务类发票
0	个人所得税已经申报了在那个税务的网站里面显示
0	建筑服务行业有没有增值税有没有优惠政策
0	查询公司地税是否开通
1	你奶奶个逼
0	凭密码没绑定
0	你好
0	关注睡的那个商报四点二中的各项社会转出来几点没有跳出来
0	哦就你干活并将如何是如何申请
0	贱人税收管理系统扣缴客户端网报密码
0	请帮我转人工
0	人工服务
0	喂喂喂你好
0	我想问一下今年的翔安区这边农村社保要交多少钱一个人加多少钱
0	纳税人子女接受学历教育的扣除标准
0	我要转人工服务
0	我要成为公主麻烦给我转人工服务
0	四月份能否开十六个点的发票需要怎么操作
0	请问居民企业投资收益免税的还用备案
0	哎你好我想问一下就是比如说那个扣缴义务人变更的话是怎么样怎么样在上面操作的
0	洛克人城一百瓦沟村一百五吗
1	哦你妈
0	自然人税收管理系统扣缴客户端然后申报个税的时候要申报密码然后提示错误我应该这么操作
0	你们都快来了
0	静脉血套餐中要求上传开户许可证但是现在开户许可证取消了怎么办
0	赶紧办
0	我是笨蛋相符
0	熬到几点啦有啊打电话给单位早上几点
1	妈呀一个智能客服是想把我淹死
0	啊
0	但是所有的不满笨蛋聊天那个人不能超过一切那个赡养老人
0	嗯我想问一下二零一九年社保缴费基数的上下限
0	转人工
0	嗯
0	进项税抵扣增值税进项抵扣
0	我想咨询一下发票增值税发票的金额我们的开的发票提额申请贴在哪里操作
0	哼
0	你好我想问一下就是我们有变更了名称跟那个地址那我们在退税系统我们应该再要就是我们有退税可要在哪里去修改
0	你好我想问一下我查就是修改个税申报系统的密码在需要带什么资料
0	好功夫五八一三
0	开户许可证没有没有了怎么办
0	那边只有幺可以帮我查一下
0	两个监工
0	转人工
0	社保卡
0	喂你好呀
0	不知道那个
0	就在报那个财务报表财务报表年报的时候它弹出来一个消息一个对话框上面写的是本期该税种的其他凭证种类已经填写请切换为原凭证种类删除后再操作新种类的凭证
0	嗯就是嗯
0	喂
0	那我想请问一下那个额就是在一月份的时候呢哦一月份申报的时候呢有一个叫什么来着就是哦本期诞辰税收入但不知道我也忘了是怎么怎么到里面去的但是我想做一下更改那现在在网络上能操作吗
0	喂
0	转人工服务
0	不离线好就是说我们公司的本地的缴交的基数是怎么转
0	嗯小规模纳税人如何开砖增值税专用发票
0	房屋租赁
0	我想咨询一下深圳市一点光广告传媒有限公司是否具有政治这一般纳税人资格
0	哦抵扣
0	麻烦转人工服务
0	嗯从生产型的免抵退站到商贸型的退税是这样子也可以
0	恶有恶报18年企业所得税要报财务报表吗
0	额我想问一下这个公司的员工这个呃综合所得就是申报第一项操作地铁姐所有的员工都是正常的但是这二款价格税款计算你有两个员工他是算出来的这个额正常的更新更新走得近就是跟别人不一样是怎么回事吗
1	我都懒得问你了你个垃圾
0	包会
0	喂你好可以问你
0	我想问一下社保缴纳基数然后要查询他实际缴纳金额
0	你好我想问一下就是那个增值税税率那个下降从百分之十六下降到百分之十三这个季节有制造业吗然后享受贸易批发的这种病吗
0	那给你放个半天就打了几炮
0	我在国税网办理了无纸化退税然后呃退税什么时候能下来
0	嗯转人工
0	年对年年度缴费基数已经申报了我要更改可以改吗可以重新提交吗
0	人是这样子的就是有一个人员她在厦门有缴纳社保但是在北京又想拿另外一个车宝贝我想把他在北京的社保啊
0	喂你好
0	小规模的自行开具增值税专用发票哦去税务局办理的话预约哪个好
0	思明区税务局
0	要怎么操作
0	嗯你好我是厦门想念盈贸易有限公司的哦我公司是有哦之前是有房产是我们自己使用现在是我们房产是要转租出去像这样的我们应该怎么登记处理
0	申领普通
0	我想咨询我小孩一社保现在还没有扣掉是什么原因
0	转人工
0	想查询那个就是完税证明那个发票那个
0	个人所得税嗯怎么开发票
0	那个发票十万位在网上怎么申请
0	就是说电子废物开票我们是开发开普票还是开专票
0	完税证明在哪里打印
0	人工
0	囊哥研究
0	小规模纳税人一个月普票为多少
0	哎你好我想问一下就是在帮我那个年报的那个财务报表的时候他上面就是点的时候他提示他说本期该税种的其他凭证种类已经填写请切换回原平镇总被删掉后再操作新瓶颈种类这种是什么情况
0	我没有带卡为什么发信息再说我在农行贷款
0	哎
0	嗯怎么注销个体公司然后怎么在猪七注销总公司
0	我想申报一项出口免税销售额但是申报表格不通过应该怎么操作呀
1	你妹呀
0	嗯今天下午怎么贺岁啊登记好了
0	绑定号码怎么绑定
0	问一下就是呃就是在深圳公明的那个变更信息我的这个病能自己有没有变更法人
0	我是分公司的类型是独立核算的目前来讲我那个去我姐夫的事情用不了嗯这个在网上自己操作停不了但这个会不会有预期会有罚款呢
0	哦查询社保业务
0	完税证明打印
1	说你妹呀这么早下班
0	嗯那个个人所个人独资企业那个个人所得税是
0	人工服务
0	打电话给我退休人员需要交关税吗
0	那个
0	代征代扣捷报
0	存款账户账号报告里面有一个社会保险费缴费人存款账户账号报告表那个怎么操作
0	进项税额转出
0	我想查一下一社保孩子的益寿保就是缴费问题
0	超限量领购发票
0	如何查询个税扣缴情况
1	妈蛋的什么鬼机器人
1	你是不是有病
0	刚说的那个是什么
0	嗯
0	哦增值税申报有误该如何操作
0	你好
0	是所有人
0	请问客人可以开发票给企业吗
0	代扣代缴个税手续费返还
1	像个傻逼
0	嗯小规模纳税人代开发票
0	你好我想查一下二零一九年民营经济扶持政策那个怎么申请
1	哎呀烦死了
0	我停保难道我重新
0	跟谁聊的刻辞
0	其实哥是凡凡手续费怎么操作
0	我们公司一八年就成立了工会一直没有提取工会经费请问现在可以提取之前不提取吗
0	戴蔻代购
1	你个蠢逼啊
1	真的是蠢猪
0	陈先医保医保城镇医保我们是那个委托
0	这样未成年社保怎么停保
0	我的每一个中国人的工作我是想问一下我那小孩子已经退保了但是地税局那个水族馆孩子的保费扣掉了因为是你明年的我小孩子明年没在这边呢
0	我在微信公众号上请授权办税员怎么
0	下次我想问一下就是从今年的那个个月生产经营所得的那个个税是在哪里申报呀
0	我想问一下就是那个购票员变更购票员可以再往广东那边操作吗
0	我需要人工服务
0	是那个
0	喂你好我给你发给我转人工
0	嗯我想咨询那个小孩那些扣费情况是医保的
0	非独立核算分店取消企业所得税汇总备案后如何申报年度企业所得税
0	嗯政府重疾险三十元的那个呃总结鲜椒辣可以在个税税前扣除吗
0	加计扣除的那个表格怎么填
1	你是猪吗
0	你好就如我的那个账户账户名登陆账户名忘记了呃怎么操作
1	笨蛋
0	嗯你好我想问一下就是我要我是那个个体工商户然后第一次分到那我要怎么操作直接在网上操作吗
0	嗯
0	请问二零一八年的年终汇算清缴开始了吗
0	呃是这样的就是那个我想问一下就长了现在那个个人所得税申报嗯要怎么操作就是那个公司这块的
1	去你妈的逼去了
0	我想咨询外国人外国人法人代表后是绑定实名绑定的话要怎么输入那个身份证号
0	我想查一下我的这个医保卡是过春节时候缴费的怎么现在卡上还没有到账没有余额
0	人工服务
0	税务注销
0	把转人工
0	我要找人工服务
0	这是要逼我说了你们怎么处罚
0	人工服务
1	不不是傻子你都这么敏感你不知道我说什么
0	我要人工服务
1	保证人工服务人工服务没有那资格惠民回答个屁
0	现在还能开十六个点的发票吗
0	发票超限量申请怎么怎么操作
0	转地税
0	我那时候自然人最高的是多少讲课的那个密码忘了怎么弄
0	哪个啊
1	不不是傻子你都这么敏感你不知道我说什么
0	人工服务
0	我想咨询在哪里办社保呢
0	是不是
0	哦帮我转人工转人工现在我要是有就奇怪问道那请问接到记者的真相
1	二逼
0	称得上字能死语音真的是
0	转人工
0	当然购票人
0	这就是系统的
1	哪个婆娘是当傻子真特么就是个傻子
0	我买了一辆电动车然后我要商家给我开发票商家说只能给我开一千五的我买的车是三千一百九十九的个为什么不给我开全他说如果开全票的话我需要我我操这个设想是不是对的
0	个人所得税起征点多少
0	你办理了三方协议在双扣角是血液但是呃在实际扣缴中提示了三方协议无效查询不到三方协议是怎么回事
0	我要预约龙华税局的那个好
0	喂你好
0	我想咨询那个2018年齐利平登记你们随物品等级是是个啥子鸡
0	乐乐
0	二手房原价转让要交些什么税
0	妈的你妈有你个头啊我醒了一起的
0	啊四月份开具的发票可以抵扣的三月份吗
0	周长为气血虚记得带什么材料
0	转人工
0	妈了个语音的吗
0	修筑超时请重新输入
0	嗯就是那个呃劳务费的话如果退的话是需要什么资料
0	四月份需要申报一季度的房产税吗
0	我要找人工
0	你能解答就不用人工服务了
0	我见那个狗做网登记的那个找一个人名义缴交的那个养老保险然后之前没有办理那个一卡通哦代扣那我现在不用再去办理操作处理他什么了吧他到时候那个假期到了自己会从银行扣钱就不是
0	社保已申报但但扣款有问题
0	八
0	广元
0	
0	你好傻哦固定资产汽车的话要叫什么你要小心岁
0	我没想过能克服它自己跳出来的
0	什么叫地税社保
0	你妈的18年开的普通发票在一九年可否逢冲
0	这个人真是有毛病吧这个什么奸仔
0	哎开票离线开票时间超限怎么解决
0	转人工
0	晕
0	给人东京人工快点快点
0	我靠我要吃早餐
0	无遗产继承房产需要交什么税费
0	乐宝汇年报申报是在哪里
0	我想查询五月份物我的钱为什么会的扣子扣掉几百块
1	狗屎我我我想咨询一下所得税
0	装嫩是病定闹钟
0	啊集成电路软件备案
0	我需要人工接听
0	我想查询一下圆的申报密码
1	有病呀给我讲解一遍
0	哦我想咨询一下那些
0	点知食唔住哪个珍宝怎么申报
1	哎你大爷
0	你好我想问一下这样能代开发票现在那个综合税率是多少
0	怎么描述啊
0	本身
0	请问我这个月的序幕有那些小山
0	请教问题我需要要连接一下人工客服
0	别人谁呀你好我这边是一家个体户那哦如果我那个有有那个有坐有坐
1	你说个鸡巴循环问题
0	你是我登不上去了转人工
0	比如说是企业餐饮的他一个月免免税的额度是多少就开发票了吧
0	我想问一下三代手续费返还怎么申请
0	怎么将错误的小规模纳税人改为一般纳税人
0	我想问一下刚才我收了条短信说什么税务要怎么跟笨的还是什么吗
0	呃我就是想查一下我这个医保卡我市过春节交的钱怎么现在帐户上面一分钱都没有
0	然后
0	不止你一人授权
0	哦上个月在申报个税的时候那个公积金和社保没有拆分我想问一下现在可不可以在哪里做一个修改
0	个税返还
1	傻哇勾选人工服务
0	请问一下新入职的员工怎么就是累计的怎么计算的累计奖池累计减除费用
0	飞影组织企业所得税免税资格是不是需要
0	我怎么领取发票
0	已经申报二零一八年第四季度的所得税为什么体制未申报
0	增加购票员怎么操作
0	增值税进项家具抵减政策
1	就是你妹啊我打人工
1	你这个脑残
0	喂你好我在这个样子还一直被你发现我这个邮件帮你弄办公室四十以上的游戏是什么情况
0	嗯你好我想问一下我儿子帮我儿子做个医保社保到底扣了母亲让你给我查一下
0	你能听见我说话吗
0	哎专项附加扣除没有扣除
0	你好我想咨询一下就是房地产夫妻在房产证上加名字需要开通一个是正直去开这个免费证明还需要些什么资料去才能开得到这个免税证明
0	导航可以那个我想查一下我的社保六月十四号为什么扣那么多因为我去办理业务的时候没说交那么多
1	像你妹
0	你好吓一跳三十一日前做好准备
1	狗屁给我咨询了个什么东西
1	你是猪服务中心
0	社保已经生成了然后还没扣钱要坐会
0	小妹的新号码企业所得税一八年年报里面的弥补亏损明细表最后一行可结转以后年度亏损额的合计的公式逻辑是来体验的合体
0	哎请问一下税务稽查就低所以玩着去呗手机上就的电话呀
0	我想咨询一下就是那个我小孩子上次是六月几号扣钱的时候钱我里面卡里面没钱吗代扣的没没课上没课上我就是现在你没有了怎么还没扣啊
0	二零一七年的企业所得税涉及到的结果补税的应该如何操作
1	哎呀真的是烦死
0	你好请问一下这是我们是即征即退企业申报增值税的时候那个附加税是不是自动要缴还是要另外到什么部门去申请呢
0	你好我想问一下那个宝安南路宝丽大厦属于哪个街道啊是属于是罗湖的哪个这个税务所
0	嗯你好就是以前是代扣代缴甲方代表的是电视服务提问情绪有点坏代扣代缴的但现在我开增值税发票的话是不是也可以甲方给我代扣代缴那我这个情报还什么操作
0	我找人工服务台
0	代开增值税普通发票需要什么资料
0	嗯国税申报表申报后然后显示一窗式对比改或许异常抵扣凭证是发生错误这是怎么回事
0	印花税
0	变更税种信息提高普票单张开票限额
0	哇你好我帮我查一下我两个小孩那个医保卡在银行里面贷款那现在怎么只只代扣一个人还有一些没带过来
0	那个我想问一下那个那个电子发票上那个那个就是税务局那个公章应该是就是地方上的应该是有事实依据的吧应该是一致的不应该出现出现别的别的有差异的吧就不应该只有一个长子
0	建筑企业受托额叶受业主委托缴纳增税
0	人工服务
0	计算财产转让所得的时候可以理解的除了财产原值如何确定
0	社保问题
1	傻逼啊坑爹呢
0	转接人工服务
1	你他妈不是六点下班吗五点半下班了
0	能够
0	嗯我想查一下那个小孩的那个社保已经一年到了是几月份扣款的
0	电子发票购票失败的原因
0	去税务大厅作废申报表要带什么资料去
0	二月份的个性为什么没有报成功
0	嘉联事物
0	发票遗失
0	你看电视吗比如说福德不可思议的改变对啊对啊肯定会疼的要死要死的
0	型血
0	预约办税新系统操作指南
0	代扣税
0	你好我问一下那个适用加计体检政策他这边填报表的时候是不是直接在那个呃直接在那个总表那边把这个百分之十税率加上去就好了
1	你又傻了
0	个税申报软件
0	如果超过四个月没有缴纳五险一金的话要怎么办
0	语音输入吧可以帮了
0	那我这边那个版是那个一般纳税人下电子小规模纳税人那我的话就是已经申报成功了那还需要什么操作吗就是在那个开发票方面还需要什么就是那个发票方面还需要什么操作吗
0	急求你好我要修改专焊专项班为地址的改变怎么操作
0	哦哦你好我是想咨询一下我的那个
0	你好喂你好
0	为什么同为纳税人纳税信用等级九十分但是他的脾气不一样
0	人工服务
0	人工服务两点钟上班吗
0	需要人工咨询
0	能不能补交一四倒
0	退税备案
0	那个我想更正一下那个一到四月的个税申报怎么更正
0	那狗汇率
0	应起新企业要去办理那个个税申报的命要获取个税申报的密码要怎么获取
0	喂
0	有什么好的舞步一起啊啊啊票寄过来这是一种什么出了什么问题
0	妈妈
0	我想咨询转人工
0	请问空港人员怎么缴过税
0	初始申报密码
0	哦我想问一问一下现在小规模废物的话是要怎么缴税啊
0	当前企业为获取到有效的投资者信息请先到帮我进行投资者分配比例维护后再获取
0	帮我转人工
0	个体户减员
0	有形资产受让是指什么
0	那个我那个财务报表你报了为什么现在就是说还挺还是提示说没有报呢
0	你好我那个想把公司的那个基本户绑定在那个扣税账户是怎么操作的呀
0	凤姐十万位发票要怎样操作要交什么资料
0	人工客服
0	哎你好我想请问一下哈我进那个公司网站的那个一个人的名义缴交那个养老保险然后我已经登记好了啥我之前没有办理那个一卡通的那个委托代扣的吗那医生这样子那个关于银行那边贷款我不用再操作什么是不是他到时候这样提到了自己也会在旁我银行卡里面扣钱吗
0	帮我找一下有功夫梦
0	我想问一下个税汇款手续费的怎么操作
1	你妹的我要人工服务啊兄弟
0	三代手续费
0	加一点点
0	这是我一月份报的时候有一个人还是有累计专项扣除的然后我二月份也是有可是我填完之后二月份这边好像没有吧一月份的那个累计专项扣除一起哪的在里面
0	额你好我那个残保金提交不上去他上面显示的那个呃要填个人身份证信息是怎么回事
0	人工服务
0	凡人歌
0	不要接受
0	是这样的我想请问一下我那个户口呢是在咱们福建的厦门那我就是因为生了一场病之后嘞我又回到那个辽宁的戴尔大连就这边那段时间的没有交纳养老保险我想请问如何缴纳我这个中间这个补角的一个哦养老金就是从一三年的二月十五二月十五号一直到一八年的十二月份怎样缴纳
0	吴小猪
1	去这你妈个逼吧你
0	人工服务
0	将人工
0	办房产证交税判定点数
0	我这边家具的姐能那么低贱完之后变成负数那怎么怎么申报
0	转人工
0	我想咨询被误将碎操作方法
0	转人工
0	外管证办理
0	啊在那个电子税务局开具那个个人的完税证明
0	我想咨询一下公司名称变成统一
0	某月份的个人所得税报表已报我现在想作废怎么操作
1	我的妈呀你
0	嗯我在瞌睡的时候啊显示就是个人一刻扣个人所得税的时候显示扣款失败我现在要重新扣款怎么操作呢
0	发票的问题
0	宝鸡市高新区
0	哦您好我想问一下那个呃就是我要去代开发票的话呃我现在可能是操作啊
0	三代手续费返还如何操作
0	热血
0	处女啊提供的代理服务经济金融代理服务
0	请问一下新入职的员工怎么就是累计的怎么计算的累计奖池累计减除费用
0	我希望人工服务可以吗现在是上班时间
0	社保不知道
1	你去死吧
0	出口退税申报签名锁死之后该怎么办
1	烦死了
0	转人工服务
0	喂
0	我想让帮我查一下那个小孩子那个医保然后又没有扣成功
1	你有病啊
0	货车租赁税
0	转人
0	嗯汇算清缴啊申报了神马不成功
0	哦儿子打电话不行那个这个就没这个白色那个地方
0	我想咨询一下那个过去返还怎么操作
0	申报密码重置
0	转人工服务
0	但开发票发票
0	嗯那个个税系统商业保险税前课税前情况表那边
0	社保减员
0	存款账户出现错误怎么修改
0	哦我想
0	变更税务登记
0	哦没有不需要事项
1	哎傻逼
0	独立无形资产的海外解散
0	我想咨询社保卡扣款没扣成功是什么问题
0	查询效验码是什么
0	我想查询一下我的申报科技的密码
0	纳税罚款在哪里操作
0	联系工作人员查询今日办完的业务回来查不到结果
0	哦他她最疼人抱抱不就行了
0	查询完税证明
0	呃政府财政补贴年底免调增还是调解
0	从谷底而从思明区转到湖里区但是已经扣费了还需要重新参保还需要再交一次钱吗
0	普票普票开票资料错误
0	我想咨询一下我的印花税已经重复报了一次了怎么能处撤销
0	龙岗西路局现场好可以办理申报业务吗
0	增值税申报的时候那个啊
0	工资薪金所得怎么计算
0	狗腿是勾选发票勾选错了怎么处理
0	一般纳税人出租
0	孩子社保扣费
0	我就是那个我请问那个使用那个睡得挺多啥时候睡的就是餐饮的锻炼一下
0	就是那个医保卡的钱我小孩子的他的名字叫相思成卡号是四七三七二四七医保卡的钱扣了没有费用扣的没有
0	个体工商户怎么在自己的电脑上面开发票流程是什么
0	个体经营所得
0	我想挂机了
0	外国人离开中国
0	请问发票税种缴销怎么操作
0	企业所得税上年度有亏损第一季度有一现在第一季度有盈利
0	四点五个月以后是第四个最后一次
0	嗯报纸火车的时候提示当前申报纳税人相同年度存在有多条有效的弥补亏损台帐数据信息这个是哦需要怎么操作
0	那叫什么智能机器人有什么用
0	你好我就是发票开错了我现在要作废我应该怎么处理
0	转人工
0	自然南开区发票可以可以就是开具增值税专用发票吗
0	转人工
0	现在显示往期中申报数据获取失败怎么办
0	代扣代缴手续费返还流程
0	车辆购置税是不是给客户本人的
0	被那个我该怎么叫蛋蛋的那种顾问公司我们想付那个顾问咨询费的话香港是都没有发票的这种这种收据可以直接去干嘛能不能够睡觉
0	那我想请问你需要开具增值税红字发票申请单一般是要需要几天才能审批通过
0	哦我想启用那个个人所得税的那个税种然后呢在系统没有话要怎么操作
0	缴纳企业所得税为什么现在不能够直接从绑定的账号里面扣的呢
0	一般纳税人资格如何查询
0	你好我想咨询一下我那个综合申报的那个所得税那个申报他一直在那个申报处理中我点过几房贵它就显示申报失败是怎么回事我是零申报
0	我想问就跟那个个税还款怎么操作
0	嗯我想咨询一下就是我在网上申领购票哦但是那个地址跟电话跟注册的不一样所以比那个被邮件被邮政退回了我现在想更改一下那个电话号码要怎么操作
0	我是大肚腩这个月都给我扣了
0	我申报
0	增值税普通发票丢失处理办法
0	申报软件在哪里操作
0	人
0	请问五月的个人所得税申报期限是多久
0	转人工
0	哦金融服务业是用家集体写政策声明属于哪个行业
0	转人工服务
0	打开酷狗想挣钱
0	普通发票这个申报的传统路径是什么
0	住房贷款专项附加扣除个税怎么交
0	如何修改扣缴单位
0	那棵樱花树申报申报成功以后不用那个进行扣款的操作吗
0	怎样能睡觉
0	你好帮我转人工
1	原来我是大爷你大爷二大爷社保卡问题
0	人工客服
0	个人独资企业要报税吗
0	房屋租赁都要交哪些税
0	企业所得税核定类别有问题
0	发票验旧
0	嗯你好我问之前那个办税就说去去补办申报了税了但是那个金税盘怎么还是显示锁死了
0	这税如何退税
0	我不是要瞌睡的我要一个宝瓶婷婷脚的
0	你好哦我这边好我爸妈的话都户口是那个那个年龄是五四点出生的好啊他现在只在乎的那个湖北一区的街道幸福花园吗兴隆路四百七十要干二零二那就像现在这样子的话知道这个社保里面老郑当即交到了一零年南路现在的话如果说他要补缴要补缴多少我们谈了一个月能领多少啊如果说他不能补缴现在有什么平坦
0	小宝转角
0	转人工
0	吗
0	个人手续费返还个人
0	人工服务
0	山西省的事怎么办
0	又是小孩子的社保二零一八年度的为什么还没有扣费
0	不取用税种
0	有多远模块式
0	你好我坐上那个电子税务局然后注册注册了然后那个登陆次数过多账户被暂时锁定了要多久才能解开啊
0	呃我想问一下就是实名认证要怎么实名认证呢
1	滚
0	哦我这边需要咨询关于国税上注册的联系电话的那个变更
0	居然有人说税收管理客户端那个手机验证不是我的手机号怎么更改
1	别逼逼转人工
0	出口退税
0	哎你好我想请问一下那个呃我们开回来的机动车然后开错了药已经抵抗了现在我们就说要做红冲但是我们这边好像是缓冲不了把这个我们要怎么操作
1	滚
0	海关缴款书比对缺眠是什么意思
0	个体工商户呃
0	看到满屏都是这个社会发生了什么颜色
0	八节课充电的失败吗下雪网上申请还是到大学
0	人工服务
0	问你好不好看
0	个人所得税扣除项
0	想问一下我们
0	我想咨询就是我一个小孩叫蔡子翼那个一社保卡我是绑定银行卡他的社保社保里面为什么还没有自动缴费
0	你大
0	谢谢你人工服务
0	我的那个社保好像查交重复了可以查一下吗
0	什么毛病
0	增值税发票查验
0	转人工
0	天下好
1	我快烦死了
0	呃你好请问一下小规模纳税人附加税申报呃在网上怎么操作啊
1	你是王八蛋
0	公司的办事办事人员怎么解除绑定
0	诶我这样为一个死心了喂你好
0	贱人跟
0	哦修改个人所得税手机号码
0	喂你好
0	给我转接人工服务
0	个人所有的生产经营报表在哪里申报
0	个人所得税专项附加扣除操作
0	那是十点
0	发票问题
0	想咨询个人所得税然后申报期间更改的问题
1	傻逼增值税专用发票进项认证
0	请问一下那个女人说
0	既能克服小声很想咨询一下
0	我那个代扣个税的时候我们单位有一个森新增加的人员他有个专项扣除他那个专项扣除呃是需要加进去吗还是怎么不知道怎么操作呀
0	听不懂转人工
0	我需要人工服务
0	人工服务
0	我是你吻他呢然后呢搞得现在屏保还就正常了现在要到十二岁啊
0	你关掉有什么关系
0	曾经是青龙珠那纳税归属地在哪里
0	个人出租
0	可能就睡觉了睡不着在哪里爆活下来的地址
0	你好
0	建筑企业受托额叶受业主委托缴纳增税
0	开通税务局账号
0	嗯转人工
0	手机上申请哦个税的专项扣除然后那怎么同步到电脑的软件下
0	税种申请
0	那想问一下社保的问题小朋友的
1	笨
0	什么时候才高一
0	一月份我开出去了一张发票到三月份客户退回来说发票有问题让我们重新开过请问这个问题这种情况我们怎么错过呢
0	你好我想问一下就是那个购票员信息已经离职了我现在是怎么操作呢直接去窗口办理那个杀虫还是网上可以删掉啊
0	转人工
0	嗯我想和试一下那个税务员的身份可以吗
0	肉鸡代开发票
0	嗯我想问一下泪一把连读的企业所得税会酸嗯打捞情绪呢
0	这首先在八月份改一下
1	滚蛋
0	希望你能告诉我那个你们喝个二百块的一根火腿肠
0	我要操完我已经等的相关资料
0	企业所得税退税
0	嗯个人税抵扣专项的操作
1	傻瓜
0	我想问一下现在个人出去吃饭可以开发票吗
0	发票申领失败
0	请问一下我这个员工个税申报的时候
0	我想问一下就是我那个
0	申请表
0	做什么啊
0	我要查询小孩子初中到高中以后有没有自动退保
0	我一起转转人工
0	这想咨询一下我那个小孩子的那个医保怎么前两天扣了怎么几分钟就又退回来了是什么情况呢
0	我日八年四
0	我那个自然人的申报密码忘了要怎么处理
0	他的上班时间是人工智能上班时间是多少几点几点到几点
0	财产租赁印花税减半征收吗
0	会吸收吗
1	操你人工服务
0	嗯啊实际的流程怎么操作
0	自然南开区发票可以可以就是开具增值税专用发票吗
0	分公司税务清缴
0	哦
0	哦那个歌曲如果要你要更正一月份的所属期月份的二怎么更正
0	那个申请增值税一般纳税人按个票种核定的时候发票准备啊那你怎么选
0	个人纳税证明在哪里打印
0	请问一下医社保这一块可以补交吗
1	滚
0	嗯
0	你也需要报关联企业的年报吗
0	出口免税
0	如何
0	你好他的申请那个纳税啊
0	嗯我想咨询那个林静退税管理系统这个是在哪哪里购买啊
0	人工人工
0	人工
0	哦没有我要人工服务
0	境外实名制怎么操作
0	进来吗
1	你是傻逼呀
0	嗯我想咨询就是我那个开了税票现在就是他跟另外一个公司的然后在这个运输过程中发的过程中这个资料丢失了丢失了我想问一下就是这种需要怎么操作才能把这个票那个补回来
0	哦要人工服务
0	二十四专用发票
0	思明区国税办税国税局办税服务厅
0	爸爸
0	自然人税收管理系统扣缴客户端申报密码是跟登录密码相同的吗
1	你妈同意
0	你好
0	代开发票怎么查询
0	个人分宝
0	这男的可能人都不知道怎么说
0	我讲之前那个什么时候交的那个社保卡的那个医保卡的那个钱
0	吧飘你用拎不起
1	去死
0	诶你那个
0	三月已经预缴的百分之十六增值税的那个发票在开票的时候是不是自己
0	解除非正常户
0	你好我想问一下为反正这要怎么办
0	王道业务宣传费白酒类广告横幅给力
0	林俊协议怎么签
0	社保卡代扣不成功
0	喂你好
1	滚
0	我新办的你是否需要那个需要办理电子税务局才可以在电子税务局网站登录
0	超十二万元以上
0	系统显示企业信息不存在或下发状态我会死
0	额个人所得税额修改前两个月需要怎么办
0	发票亲要操作步骤
0	挖鼻屎我这不是在那里吗原来是这样吗
0	顺利将了我要怎么操作
0	我想查询申报密码
0	我要人工服务
0	小规模纳税人能申请十万元版发票吗
0	我要转人工服务人工服务
0	我要问社保
1	哎呀怎么老那么的你烦死掉了
0	我说我嘞个的儿子在兰屏路蓝屏网页收录不是七号胆子我嘞个逼起身煲申报水的那个税务所的积水河道南岸区
0	嗯我想问一下那个一般纳税人啊是不是不可以开张票
1	操逼的烦都找不到这种话了
0	我想问一下就是那个做个税返还然后再选一个路入库日期起和入库
0	就是为什么代扣的那个钱还没有扣
0	我想问一下现在新版的那个发票监制章嗯如果跟踪监视深圳就是根根国家税务总局上面公布的在线时长不一样
0	三十九
0	人家说我已经弄好了
0	客户端东哦初始化不了是怎么回事
0	你好帮我转一下人工服务
0	嗯请问一下房产税的申报期限
0	我想咨询二手房退税的问题
0	我现在要在电子税务局上变更财务负责人现在我要上传照片但是没办法上传怎么办
0	五六六六六六
0	金融商品转让发票采集
0	怎么样补交社保卡的费用
0	个人独资的这个信息维护在哪里操作
0	我要问问领发票
0	怎么申报个人所得税
0	就看啊开具发票税目如何选择
0	没有这个傻逼
0	嗯已经是半岁缘吗是否还要办理购票员才可以有资格购票
0	真棒
0	零报税
0	我想问一下那个叫何总的思想减税漂亮饰品一般纳税人这样操作
0	你再说一遍
0	隔离开百分之三的票一个季度能开多少
0	我跟她说一下
1	你妈妈会骂粗口转人工
0	哦你好我问一下那个易建联现在怎么操作
0	小额贷款社保没有扣到费用我能不能自己去交
1	我上次我查了烦死了你知道吗
0	转人工
0	那个我想问一下那个王崇斌卡号是三九四六零四七嗯这个那个代扣情况今年还
0	呃专管员那个有查到2018年的这个公费经费额可能已经做了提交但是没有成功扣款那现在要补缴二零一八年八月跟九月的公费自费这个是要在哪里办理还是在系统里面做补缴
0	思念
0	你好我想查下那个银行代扣的医保社保银行代扣的那个要怎么查
0	请问开
0	触角般
0	呵呵呵预约办税不起
0	笑屁啊
0	财务负责人变更
0	二月份的收入是为邻为什么没办法发送申报没办法报税
0	你想咨询什么问题死亡员工的个税如何申报
1	操你妈是谁
0	我想问一下我们那个有一个接到了一份那个电子普通发票但是电子普通发票上有一个就是购买方那个信息那个那个地方让我们先开一下电子支付标识这个是什么意思呢
0	喂你好我们这边已经是明星抱现在试一试填报表报表申报呢还是直接已经临近报名
0	我刚刚讲了一句话它都你们人类的感情问题太复杂了
0	我想找
0	个人所得税系统内部异常扣不了血是什么原因
0	轻卡需要的资料
0	开票系统密码重置
0	唉老妹没人接居然还可以看一下数据库吗味道
0	南宫
0	上个月的时候可以三方协议缴税为什么这个月不可以应该怎么样缴个税
0	直接刷个水
0	生猪销售收入需要纳税吗
1	你去死
0	问一下那个狗说的数据采集的更新是什么狗啊什麽一段时间更新还是隔两周更新
0	嗯是这样的那个我是小规模纳税人然后想要申请自开专票那我想问一下流程是什么样子的
0	在个人所得税帮中的住房公积金那么我们就是可以抵扣多少
0	转人工
0	去非洲认定需要什么资料
0	个人所得税完税证明
0	打人工
0	嗯你好我想问一下就是生活医保社保万能胶要网上要通过什么渠道可以补交进去
0	转人工服务
0	来一个
0	现在是呼叫保持
1	二逼
0	我他妈要人工我要人工
0	城市维护建设税
0	网上电子税务局申请不了代开发票
0	血衣好之后材料的开票税率是多少
0	菜菜
0	个人所得税增长经营所得我要如何查询往期申报的收入总额
0	哦咨询一下这个开这个哦社保的发票需要本人身份证带过来吗
0	哎喂你好嗯我想请问一下就是我们想个白发套元请问要怎么操作
0	印花税身旁
0	人工
0	呃申报财务报表额提示题申报财务报表提示呃提示手机
0	如果有一个人他才能百分之百的不行啊
1	滚
0	税种核定
0	你好我想请问一下园岭税务局的地址是在哪里呀
0	系统操作
0	哇
0	气愤啊就是报个税的那个密码遗忘前往服务厅进行密码重置要填写一张说明书是不是柜台现场就可以填了
1	滚你妈的真漂亮发票你不懂
0	额加计扣除
0	你好悲伤悲伤
0	我那个综合所得峪口预缴表为什么上报不了了无法申报工资所得
0	查询二零一五年开具的增值税发票真假
0	我那个远程新卡的时候听不了这是什么意思
0	不需要
0	哦现在印花税在哪里申报
0	人工客服
0	我需要人工服务
0	社评工资多少
0	我要补缴一笔之前月份的个税嗯有滞纳金我该如何操作三月份的
0	二零七八加三等于三十五型血喂你好喂
0	请问有失业保险保险怎么取消
1	你这个笨蛋
0	参保个人参保什么时候扣
1	傻瓜
0	添加港澳通行证的要怎么弄
0	哎个税是每个月几号开始申报的
0	没有
0	个人所得税多缴退税
0	哦就是哦变更信号之后现在收到一张以前以前公司的一个旧的税号的一个发票增值税专用发票仙人抵扣吗
0	我要人工服务
0	喂你好
0	个税申报逾期怎么办
0	我想在网上真正发票
0	那个企业所得税所得税申请年报当中额然后提示是这样的三百企业主要股东及分红情况中投资比例合计应等于百分之百请调整这个应该怎么去操作
0	哦我之前开错了一张十六的增值税发票我现在想要冲红冲红了之后我可以再开出十六的发票吗
0	我查询一下社保扣钱也没扣
0	个人开具劳务发票
0	谁呀嗯嗯我想咨询一下华阴市之前的话我的公司注册是在西安这边现在我的病根到松岗那边这个税务要需要迁入和迁出吗
0	切换到人工客服
0	哦你好我是那个以前那个医保里面哦绑在银行里面怎么竟然有扣今年怎么为什么现在没扣我然后显示的那个今年他说没有没有上交了那个
0	就是说私车公用通行费的开票要开企业的那这个要怎么操作
1	换个屁也换
0	你好请问一下
0	四月份开百分之十六的发票应该怎么操作
0	啊新版发票从什么时候开始执行那个如果有一些没有换新版发票的会怎么样处理
0	嘻嘻又是红日信息表
0	要是那个那个那个那个税务局废物他们怎么会懂
0	呵呵
0	查一个公司的税务情况
0	个税补缴
0	真功夫
0	上个月申报个税的时候店家人员信息姓名名字错了这个月申报
0	哥个税手续费退房
0	你好代开发票的额度是多少
0	转人工
1	老子滚远点
0	你好问一下我那个
0	咨询一下个人所得税大病医疗圈上底裤是什么歌扣除
0	超限量购买那里需不需要上传的那个发色造成资料我点进去为什么什么都没有
0	请求的缴款正在处理中如果你需要重新发起缴款请先点击扣款异常处理及撤单按钮进行撤单操作请问这个扣款异常处理及撤单在哪个板块
0	税局在变更那个工商变更的时候股权变更他们又帮我们变更好怎么处理
0	房屋租赁要缴纳多少税
0	呃我们公司是一杯太少汇总纳税的报道写手的血那我们财务报表要不要发合并报表
1	咨询你有屁用
0	煎鸡蛋
0	嗯你好我这边就是新办企业那个税号登陆上去的时候提示账户不存在这是什么情况呀
0	个税怎么减
0	樱桃
0	你好我想问一下那个申报反馈信息说该纳税人本本是属期无对应的税费总认定信息仅通过碎碎中认定功能先补充社会总认定信息后再申报个税费种认定信息是怎么去认定呀
0	我要听高山林
0	手机实名认证香港法人是香港人请问需要去柜台办理吗
0	八拜访还手续费怎么办
0	我想下个月要开百分之十六的税点应该怎么操作
0	个税申报系统收费吗
0	企业所得税双重征税
0	请问个人社保缴费
1	我感觉我跟个傻子一样
0	保费没扣
0	财政部海关总署税务总局药监局关于罕见药品增值税政策的通知财税二零一九二十四号规定自二零一九年三月一日起增值税一般纳税人生产销售和批发零售罕见病药品可选择按照简易办法依照百分之三征收税率计算缴纳增值税纳税人经营多种罕见药品在选择简易计税时是需要对多种药品同时选择简易计税还是可以
0	我现在已经
0	嘿嘿
0	真报不了
0	嗯
0	是啊
0	发票领用
0	举报
0	喂你好我就想问一下那个今年就厦门同安这边湿地失地的农民那个有个农村医疗保险是多少钱就是每年扣多少钱
0	哎您好我想查一下我们的税务管理员
0	开具那个个税纳税证明要带什么资料
0	你好我问一下深圳市出租车发票的监制章更换吗
0	请问个体户交易社保要怎么交火
0	个人生产经营所得税
0	嗯你好我这边的话是呃新注册了一家公司然后现在的话我想嗯
0	个人经营所得税现在在自然人税收管理系统申报然后我已经报了一个还有其他的我要怎么申报呀
0	嗯公司的变更要从哪里操作
0	现在企业报名年报不允许亏损吗
0	返回上一层
0	老妈给我买一点吧我问了一个问题编码吗
0	一
0	额减一针减一针是在这里的可不可以用那个进项抵扣
0	滚转让溢价部分怎么交税
0	我想查询一下那个关于小孩那个社保办理的那个事情你可以回复吗
0	中国哪个我是男人娶你搞清楚狗欺负你就告诉我你是哪个妖怪啊
0	你好我那个社保号是五月份报停了怎么这个月还在扣啊帮我查一下
0	我都超爱的
1	智能客服狗屁
0	企业所得税年报逼逼类报表
0	我个人所得税是分公司的我要不要申报啊
0	我勒个去我是几点耳朵有毛病呢
0	呃作用及发短信过来说我二零一九年没有收到
0	只知道那个晋江税务局的电话吗
0	就是我想是我想咨询一下我怎么收不了验证码来了
0	嗯
0	我是屌丝我是一般纳税人建筑服务我在表示里头了有余额期初余额期末余额都都有这表示是不是我在外地交款了但是在图标里头没有没有车没有跳出这个数字一个数字
0	还不管这事的
0	我想问一下我想问一下作废那个申报表怎么作废啊
0	那个表情输入
0	医保嗯
0	接人工服务
1	去死
0	出口报关单嫩香
0	我又没在的七星级酒店
0	十六
0	您好我是刚刚给我转人工服务谢谢
0	现在农村的个人社保应该要交多少钱一个人
0	假如附加费哦这个申报怎么申报谢谢
0	不过选择这个结果要保留的政策谁也报不起啊还是那么回事啊都像那个差不多啥时候分支机构
0	我需要
0	九百九十九九百九十九结帐时说我的社保怎么都十八号了都还没扣请帮查一下三百个单位八块九毛八七八六八九二八八九百九十九
0	你好我的屁股上
0	个人所得税怎么申报
0	哦我去那个是税务局额那个申报之后怎么预约
0	公寓
1	人是傻子吗
0	哎租赁备案
0	请问一下哦哦税控税控开票机就是锁死了需要带什么资料去税务局办理
0	你就是我的那个
0	就是我们公司打算忽悠外籍外籍人员那么不优秀的外籍人的一些操作的一些流程是像你们这个部门咨询吗
0	人工服务人工服务
0	你好我想咨询一下代开发票呃扣除的这个成见呃教育附加这个都是自己在电子税务局去操作吗这样的税务局里能查到代开票的信息吗
0	我想要在微信上面操作
0	请问解除异常要怎么操作
0	你再说一遍我两个小孩的那个社保卡不是每年这个时候要扣吗扣费吗它可跟在中国银行扣了费以后他马上要一个多小时以后又把费用退回来了这是怎么回事
0	请问怎么注销营业执照
0	你好我想问一下那个哦报税页面的印花税计税电枢为什么是灰色的没办法钱
0	个体工商户税务注销需要提供什么资料
0	二零一九年个税如何进行扣除
0	个人所得税受雇信息变更如何操作
0	哦你可以帮我查一下我的社保是否在参保中
0	发票变更版本
1	傻呀还是人工服务
0	呃非正常状态企业为非正常状态
0	我想问一下个税的
1	傻瓜
0	嗯请问一下那个现在那个个税嗯那个操作那个软件操作怎么操作呀
0	因此难锁死
0	转人工
0	软件企业两免三减半
0	代扣代缴个税申报系统下载
0	查询流水号
0	不回答每次看到你帮我们转接人工
0	从万能版升级为十万元版需要怎么操作的呢
0	税务验证实名操作
0	转人工
0	一般纳税人额在最有的系统上面的附表一怎么填写
0	今年小学生医保要交多少钱
0	公司地址是在南山区南头南头街道请问是要去哪个税务局
0	我想咨询一下销售猪肉
0	零八年的十二月
0	就是由小规模纳税人转为一般纳税人然后在小威的真票再转为一般纳税人时进行了认证怎么办
0	那我
0	哦我忘了加计扣除在这一个月好像你
0	是啊
0	你好我想咨询一下就是新增购票员的话是直接可以在网上操作吗还是继续不要去柜台半年
0	嗯
1	我知道见过你家死的有袜子能进货你家是不是死了人哪你为什么痘痘都那个劳动者的顾客呢我说你这个贱货你家死光光呢你他妈的老子要写什么写什么都不学怎么收拾老公问你干嘛你这个贱货你不懂你不懂你可以给我找死你别浪费顾客的时间你不懂可以学会直接的说不懂
0	转人工
0	养花
0	增值税进项加计扣除
0	不需要
0	企业如何申请电子发票
0	我想知道预申报怎么申报帮我转人工
0	公告纳税流程
0	哎呦我的妈呀纸质发票不在都打不通啊
0	嗯我要转那个网票中心
0	植物
0	简易征收
0	我能说我想要人工客服吗
0	转人工
0	嗯个税模板填报
0	如果企业所得税
0	我想咨询给小朋友参保的条件
0	申报附加税已预缴的在哪里贴
0	开具普通发票打印时显示第一行为驸马的对话框是什么原因需要怎么操作
0	猪猪
0	你可以制片人下载在哪里下载
0	这个
0	存款账户账号备案信息更改
0	身份证被注册
0	我想问一下今年的社保我在重复扣费了怎么办
0	哎
0	我想查一下那个银行代扣一件带扣的那个网站这怎么查
0	我在南京我在报年报
0	物业公司代收水费的申报
0	哎
0	我是狗
0	自行政服务中心电话号码多少
1	笨蛋
0	申报纳税需要带什么材料
0	发票如何变更版本
0	身高
1	滚个税单什么时候能打
1	你你笨蛋
0	金税盘锁死
1	我叫你滚了你
0	连个发票收发票烂了怎么处理
1	傻叼给你赞一个
0	是不是没有人工智能机器人
0	嗯就是我本来是贫困生吗然后不是不用交那个社保钱吗但是我今天查的时候它显示了还是未缴交就是别人已经交了然后我还没有交
0	个人所得税
0	转人工服务
0	嗯社保不在一个城市缴纳的能够在税前怎么扣除
0	车位出售卖家涉税
0	哎如何
0	你好是这样的我那个所得税原先那个总公司下属有两个分公司分公司这个备案嗯已经备案了但是呢由于有一个驱动有一个分公司没有收入就想把额这个没收入的这个分公司所应交的所得税从通过这个年报就是由总公司来交怎么操作呢
0	单位状态显示非正常要怎么处理
0	定期定额到期
0	外籍人员可以请税局代开个人发票吗谢谢
0	转人工
0	对不对
0	未成年人呃社保缴医保缴费
0	工业工程合同
0	社保卡
0	我想转人工服务
0	呃我想问一下就是我我想要一个老婆的社保在杏林先行保了然后交转转到那个海昌那边去
0	注明了我在那个被路人写的
0	残疾人就业保障金的问题
0	成功
0	我想那个我想那个问一下就说那个二零一九年四月份以后我如果要开始就做点的发票的二十六点的发票的话需不需要去涉及做什么那个备案一类的事情
0	我想咨询一下那个哦进项发票转出了如果要补交那个百分之十二点的那个的水应该怎么操作呀
0	去
0	啊增值税最高开票限额准备的在网上提交的资料是什么
1	你真笨
1	你操你妈
0	没启用呢民警说呃就启用税种在电子税务局上面如何操作
0	我想问一下我送到那个够所以为什么老是输入时的时候老是显示那个手机号码手机动态密码不正确
0	小规模纳税人增值税小规模纳税人税局代开增值税专用发票
0	嗯
0	儿童医保卡银行还没有代办的扣费成功怎么办
0	进项税加计扣除操作
0	等一下
0	老师电话号码是多少
0	离职人员是否有在人员信息采集里面剪刀
0	嗯我想问一下香港户口的个人所得税起征点是多少
0	抄报税证明如何开
0	这几天
0	哪个农村房子过户了呀
0	税点税率税率开错了怎么办
1	诶你是个傻逼今日签到了宅在哪里呀
0	喂你好我想问一下我在道哥说的所有为什么那个铁路的金额后肯定申报的金额不一样他有一个税款计算这个是多出了很多天的
0	喂你好
1	你妈逼
0	我想请问一下哦在哪里可以打印个人所得税的记录纳税记录
1	神经病我靠我爱的人工服务你神经病啊你蹦它干啥
0	转人工
0	就是看那个那个发票是买鸡买车开的发票有问题现在那个夸夸这有费用的
0	有的话在当时确实是买的桶装水的现金赔偿找不到了那咱俩都输了鸡巴好痒丢了因为我才信谢谢了十分
0	喂你好就是我现在这边哈就是三月份的那个税申报当中吗就是少少操作了一步就是少操作那个一天专项附加扣除那这样子就是说如果要改要怎么改
1	早生小个屁烦那些动不动人工和动不动叽叽谢谢
0	如何零申报
0	哦我现在是小规模纳税人想申请为一般纳税人的操作步骤
0	个税税种申请
0	转人工台
0	嗯
0	我要听中专用发票专用发票
0	你好我想咨询一下就是那个哦在申报增值税
0	哈哈
0	就是说我这个社保卡已经停了四个月现在性交就是你还是不也就是补交怎么交不进去啊
0	妹子给了深蓝色的车
0	嗯
0	以前都会那你就
0	普通发票一阵是在哪里操作
0	你好请问我这边要取消一笔那个残疾人就业保障金申报信息要怎么操作呢
1	你是脑残啊我操
0	啊那你有什么打那么多后面跟我们一起玩玩打死你
0	请问一下建筑劳务公司可不可以开垃圾额那垃圾清运费或者
1	你大爷
0	福建省厦门市
0	我想咨询的是社保代扣的问题
0	我说吗税款
0	在陕西电子税务局里吗变更公司名称具体操作是怎么操作的
0	换到新单位个人所得税上添血的问题信息如何修改
0	我公司是查账征收的然后为什么主表里面呃
0	一会儿跑到退税专管员的电话
0	社保年度
0	人工
0	但是我算个屁
0	哦我想咨询一下那个拿土地使用证的信息为维护怎么维护上去呢
0	你好我想问一下就是我这个月的那个镜像不够然后我四月一号之前的那个呃呃就是血液到之前的那个十六点的那个税额能否结转到五月份去开就是出口出口出口的这不关的这一块的
0	即使在申报企业所得税的时候就是申报
0	我想问一下就是那个财务报表年度的一到十二月份的我已经爆过一次但是我发现数据有误重新申报了现在我要申报那个年度企业所得税那个风险测试那边起诉我
1	滚蛋
0	如何作废项目
1	烦死了
1	很高兴你这样死的人你笑死人了电话浪费我们的时间贱货你这个贱货离离离离说你答不出来我都不会说的第一句话就说我不懂不好意思你要我到税务局去我都没这么大的意见像你这个骗我认为你叫死人你懂的逗逗我们我对你这个贱货竟然没地方放
0	转人工
0	讲的人家都听不懂啊你们那个乱七八糟的乱七八糟的
0	信任是企业的生产经营企业所得税现在改了要客户端来申报然后我下载了客户端但是登陆不进去的时候会提示你要一个网吧密码
0	人工客服
1	你知道个屁呀
0	您好
1	我说的你这个贱货你真的是浪费我们的时间贱货你怎么这么贱呢你为什么难道会死机呢我把问题说得很清楚你就你又不能直接的回答你怎么这么贱呢
0	我等你挖鼻屎地址审批
0	我说电话是多少
0	啊我登陆这个税务局的这一个网站登录不上去
0	要怎么描述啊
0	额你好我的那个我病倒的时候因为我改了名字我便忙的时候我我的两个信息的那个纳税人识别号是不一样的并不多党这个要怎么做
0	社保当月的怡景园单位不给他交这个要怎么处理是电站
0	一八年的企业所得税申报错了可以重新申报吗可以作废重新申报吗
0	我不吃鸡神
0	披露什么报税
1	你大爷
0	你这个它的提示就是提示信息就是告诉我玉扣预缴往期申报数据下载失败就是往去往气的数据没有这个怎么弄啊
0	嗯
0	人工服务
0	五月份成五月份成立一般纳税人增值税税种认定四月份
0	不帮你
0	二代扣代缴个人所得税手续费的那个返还申请流程是怎样的
0	我要转人工服务
0	请问一下我那个个税那个已经申报了为什么还跳出代申报呢
0	请问一下那个总分支机构在深圳的情况下要不要报送总分机构汇总缴纳企业所得税备案表
1	有病啊
0	嗯你好我想咨询一下像都市港湾业主委员会对这块要怎么申报
0	个人代开发票可以开装增值税专用发票吗
0	法拍过户的增值税问题
0	额企业的交税在哪里查
0	妈呀
0	土地增值税怎么注销
0	清理废物
1	滚
0	额电机装置不同发票
0	那个进项税额已经赶出了操作失误怎么撤回
0	哦你好我想咨询一下就是说在个人所得税哦住房贷款信息填报这一块里面有有一个选项就是产权证明这一块比如说像我们的情况比较特殊我的那个房子是的哦一手房抵押贷款就是自己的银行给我签订的是那个借款贷款的那个合同担保合同然后了他这个里面选项里面没有这一个项目他只有血型项总共有四个选项房屋产所有权
0	为什么车船税又免费的教
0	我想问一下这个二十号之前要把那个社保缴纳人带着社保信用卡去那边
0	刚刚
0	退出退出
0	我想要咨询一下重庆契税方面的问题
0	两人合租住房合租住房住房租金支出扣除怎么操作
0	转人工
0	请接人工服务
0	一切代开代开增值税专用发票红冲
0	我们公司想挣开一个新的税率要怎么样操作
0	六月份回北京没分
0	眼光
0	企业年度财务报表报送截止时间
0	你好
0	转人工
0	邓荣光
0	我公司前两个月已经补申报已经申报了个人所得税但是其中一个员工爆了个人所得税我现在要怎么样操作
0	哦我二月份的时候那个公司没人了那个格式还需要申报吗
0	阿酱和姜
0	哦信用代码试一下吗才可以占领这座
0	哦营业执照的密码忘记了
0	就是这个商业用地那个有增值税吗增值税是多少
0	喂你好我想问一下我这个想开一个发票上个月发票但是呢想作废但是他不是说作废跨月不能作废吗我想怎么操作是普票
0	社会
0	啊那个退休后在拼着这个税收是怎么去去劝的
0	妈妈
0	我
0	转人工
0	嗯我现在在这个网站上想注册这个税务登记这个我现在有点操作不明白
0	喂
0	附加税申报
0	你换换装扮
0	陶教练申请号的数量是一百分请问可以领取一百分吗
0	社保减员
1	问题是你妈卖批
0	个税申报怎么操作
0	呵呵
0	爬
0	嗯我想把那个薛蟠百万的更换为航天的那个盘需要带什么资料去税务局下怎么操作呢
0	查询宝鸡高新区税务局电话
1	你是机器人滚滚公
1	滚
0	转人工
0	哎增值税普通发票呃是谁啊盖章对你的话
0	利用八套
0	企业所得税申报表是否可以作废
0	呃上个月可以申报这个月
0	请问在网上申报怎么操作
0	那个呃机打发票过期
0	嗯
1	我那我会活下来我想我想我想搞小姐天天就屁眼儿我舔舔舔舔舔舔舔舔舔
0	契税怎么申报
0	那么开票差额开票
0	因购票人没绑定买不了发票有多个购票人
0	
0	你好这是
0	是不是从今年开始不用在网上填报个人十二万以上的纳税的啊
0	哎我想问一下这一个月的那个社保怎么还没扣是什么原因
0	社保业务社保的缴费基数问题
0	转人工
0	为什么会操作的时候就是印花税会显示该税款被锁定
0	认识你好我的增值税发票购房增值税发票丢失了首先要怎么处理啊
0	金税盘小规模金税盘变成一般纳税人要怎么操作那个九岁吧
0	死神先生额金三的扣费医保扣费
0	帮我转人工
0	医保卡扣费失败怎么办
0	啊你好我以前买房子买我妈的名字现在我想把它过户到我自己的名下这样我要交多少岁
0	哦发票编码
0	什么是得什么病
0	单位申报状态为非正常如何解决
0	简易征收
0	转人工
0	李涛七的跨区域涉税事项报告表怎么核销
1	我说我投诉操你妈能不能听懂
0	一个个税哦因为专项附加扣除信息没有更新了没有采集然后就不通知我要采集采集完了要还要在玉田的这个专项扣除附加扣除信息采集最快然后然后我前面咨询那个电话说是要哦更正就是报表申报下面要更正那我现在更正完吗接下来是怎么操作
0	转人工服务
0	被那几个呗
0	员工上班时间
0	人工服务
1	操你人工服务
0	呃有一家西安的公司要在我们这边这个项目上有一个合同五百万的合同然后那边说是要在这边就是然后现在想问一下这边税务局都这样的话都需要什么资料啊哦预缴税款的话应该怎么操作
0	个体工商户注销
0	我知道
0	
0	嗯想问一下就是我们公司是一般纳税人企业然后是以租赁服务
0	嗯我想问一下怎么样在电脑上开具电子增值税普通发票
0	我们以前的那个嗯我们以前在电子税务局绑定的号码现在那个人已经不已经走了找不到了那个验证码发到他的手机上我们也得不到这个验证码现在个人所得税客户端我们没办法去登陆
0	我呼呼呼想玩个个税明细在哪申报
0	哦
1	烦死了
0	拉倒
0	要养家
0	没有过
0	我想咨询二零一八年隐形的死了吗你当的哦一夜二零一九年全部齐全
0	那朋友会死人了要个肥
0	一件申报
0	我想咨询一下就是我收到了一个信息说我去年买的房啊有个退税的一个啊这种情况不知道这种情况是否是真实的
0	喂你好
0	没有听清楚
0	就是税款锁锁死了一月份那个没有那个盐城青团那个商报这个怎么整
0	我想查询下二零一八年那个四十多万以上的狗狗随身宝娇气没带但是我那个手机点进去它说用户名或密码的生活不晓得是啥子之类的都没查出来
0	发票认证的网址
0	妈
1	我想有人滚
0	要怎么操作重置申报密码
0	增值税逾期申报所得税逾期申报的罚款
0	我只是想我死百货开发票我是一个高级否我在开发票我是指年审年审的一个月时王先生因为没拍到现在我今天还有孩子呢开口我今天开上个车要喊我胶水
0	有病转人工
0	请问一下个人所得税扣缴汇总表需要提供什么资料
0	哎你好我想问一下我在陕西宝鸡给车上牌照的话但是我的车是在重庆提的车在重庆可以交购置税吗
0	你好我是小规模我需要那个出口退税那里申报的时候哦申报石老师一窗式对比对老师通过不了这是什么情况
0	您好我想咨询开票账户出错
0	甘肃甘肃
1	笨死了测试你需要什么资料
0	不开发票
0	为帮我查一下李娜的社保怎么现在都还没扣呢一年的
0	帮我转人工服务
0	哦你好我想问一下就是
0	然后放到那个一下文档用三通打过来
0	转人工
0	我想请问一下我的那个电子发票从网上领购的怎么读数啊
0	小孩子你那个医保卡医保会怎么现在还没扣
0	我说在自己家报税报不了
0	我想问一下关于那个买车的那个税怎么抵扣
0	人工客服
0	龙凤面
0	转人工
0	听听
0	我想问一下就是那个
0	实名登陆
0	哎你好
0	在保证原
0	发票认证期限那是多长时间了
0	税务上不了
0	哦转人工
0	帮我查一下宝鸡市高新区的电话购物大厅的电话
0	谢谢
1	滚你妈你妈了个蛋代扣代缴爆深情
0	好
0	一般纳税人处置使用过的固定资产
0	转人工
0	八年中
0	我上传资料他们的药品呃想请问一下真实已经申请了增值税普通发票二年的还可不可以申请增值税电子发票
1	我想操你逼操你逼操你屁眼
0	转人工
0	那个显示网趋势申报数据获取失败怎么解决啊
0	不不
0	你瘦了傻以后就把这个舞台上定好这个
0	诶
0	我哦
1	你傻吗退税
0	就是那个四月份呃四月份的那个增值税发票抵扣的三月份税其怎么在那个申报表里面找不到刚认定的那个发票
0	转人工
0	那美丽的误会如费用
0	但你未退税证明怎么操作
0	没有
0	发票领用簿如何申请
0	一件珍宝怎么办
0	你好
0	喂你好
1	帮个鸡巴头操你妈
0	房产过户
0	转人工
0	你好我在申报那个一般人增值税一般纳税人增值税的时候他提示我说那个额抵扣异常发生错误不能申报那个增值税
0	社保费年度申报表在哪里申报
1	要死
0	查社保代扣号码
0	个人所得税
0	增加购票员
0	你好傻笑帮我查一下我社保代扣三百二十元的明细
0	能逾期申报以后需要去税务局办理什么流程
0	哦你好我想问一下就是哦我本月的那个增值税已经报了吗然后我这个月就是没有哦增值税没有增值税吗哦已经但是我也选择了一句话一体化申报吗哦可是我有一个还有一个产生一个免抵税额留抵税额就是要你在是不是不能再的血这个模块定位申报
0	上不了国税申报系统
0	怎样通过远程渠道渠道
0	佣金怎么扣个税
0	请问如何查询社保社会保险费缴费证明的打印
0	呃我想现在了解一下就是一个新成立的公司他的个人所得税应该怎么申报现在还没有人员入住
1	她怎么找个智能客服给我去死
1	小志能有个屁用不能回答你吗
0	今天地税的电脑系统是不是坏掉的
0	嗯如果所得税是负数但是那个嗯深圳市电子税务申报系统然后
0	不想咨询一般纳税人是不是不可以开专票小规模纳税人是都不可以开传票
0	转人工
0	如果不变更财务负责人有事吗
0	请转人工请转人工
0	哦我现在是那个想咨询一下我们公司有一个人她家是江西的他现在在家里生病在住院他需要报销一些费用回来那我要是准备什么资料或者干什么跟你咨询一下
0	从咸阳营狗发票
0	我要找人工服务
1	哦小笨蛋
1	你个傻老婆子
0	怎么在网上
0	喂
0	我请问一下那个第一次那个没有交那个医社保那要去哪里交啊
0	什么是离境退税政策
0	费用是新还是民办
0	小规模纳税人跨区迁移哦没有税控盘请问要去做迁入迁出吗
0	哦请问一下就是关于增值税的家具抵扣的问题然后我四月份申报的时候我符合那个家具抵扣的政策但是我四月份申报增值税的时候嗯没有就是忘记加计扣除了然后我的本在五月份嗯在一起将四月份的那个进项税加计扣除呢或者是我能不能就是我这个
0	转人工服务
0	转人工
1	滚犊子转人工你说不忙
0	我想查询一下三月份所属期有没有睡有没有申报好玩
0	个人拙作不会生产经营申报表表我就纳闷
0	哦我的社保费用这几个月有没有叫
0	我需要开具电子嗯房租的电子版那到柜台上怎么处理
0	嗯广东通用机打发票
0	请自觉绕道服务提供几招怎么办
0	税率
0	转人工服务
0	你好谢谢大哥是这边的吗
0	异地社保转入
0	转人工服务
0	多长时间之内可以开红字发票
0	要乐掉了
0	哦我是厦门个体户和一期的个体户然后就是想交的社保要怎么找操作
0	人工服务
0	在网上申请显示申请正常是不是就可以了
0	帮我转人工
0	社保增员
0	社保扣费
0	我鄙视你这个坏蛋下水道
0	人工服务
0	人工服务
0	个人所得税起征点是多少
0	大帝几点前附表是填哪里
0	哦怎样撤销报表
0	个人所得税
0	请问为什么额这个自然人税收管理系统扣缴客户端这边的那个减除费用五千块钱这个跳不出来
0	转人工服务
0	发票验旧怎么操作
0	换个人工客服吧
0	哦我我需要开那个以抄税证明请问我在电子税务局上是否可以开具
0	想开那个培训费的发票有哪一些要求
0	人工
0	我申报的企业所得税也下载不了报表
0	查询专管员
0	增高哦帮我转人工
0	我心我注册了营业执照我要怎样才可以代开发票
0	启用电子税务局现场取号
0	帮我转人工服务
0	个人建议所得税在自然人税收管理系统里面怎么申报啊
0	个体工商户代开发票免税额度申报
0	我要查一下社保的代扣银行是哪个银行
0	股权转让份额
0	嗯认真普通发票代开申请哈我第二部里面
1	你有屁眼吗
0	个人所得税起征点是多少
0	企业购置发票需要准备什么材料
0	新车的那个更
0	我要地我要验证的抵扣联为什么
0	若是未到起征点
0	申报个人既所得税第三方协议未签订以公司账户付款的这个怎么操作
0	诶诶诶下周
0	深圳个人所得税
0	我想咨询一下家具抵减声明这个是所有公司都要提交吗
0	想问一下关于2018年十二万申报补税滚
0	企业所得税交多了怎么办
0	现在购买发票预约在手机上预约那个晚上那个
0	我想请问一下那个小孩学校交的社保怎么第一次怎么开始教会的
0	我是商家请问如何开发票
0	不错吧啊没错
0	申报初始密码
0	是啊
0	我要人工
0	有几个机器人公务员及其两篇博文爆破
0	哦我需要的是个人缴交社保
0	嗯你好不过我是呃香港居民然后呢在深圳有深圳工作然后我每天是九点到深圳然后呢下午六点就回去属于那种无居所无住所的我想问一下我的工资薪金应该是怎么算
1	那只能克服这个怕是个傻子吧
0	请问为什么
0	帮我转接人工服务台
0	忘记晨报个税个人所得税申报
0	地址
0	发票票种核定调整怎么填写
0	转人工服务
0	一八年的企业所得税申报错了可以重新申报吗可以作废重新申报吗
0	我妈都给我包起来我也不想吃
0	一个季度增值税开票超过三十万三十万点数还是说全额征收超过的
0	你好是这样子的嗯我这个手机名下是没有绑定任何公司的但是嗯你们会给我发信息让我去报一个高冠教育南山分公司的税这是怎么一回事呢
0	你好就是我的那个金税盘不是锁死了吗然后需要去那个税务局解锁不去解锁需要带什么东西啊
0	谁选不对
0	我想咨询基数调整的
0	就是那个这样
0	神功
0	那个代开发票哦那个网上操作了咨询
0	我想咨询一下就是呃已经停保了怎么还还扣还我我在银行里面代扣了怎么还代扣费用呢
0	租赁发票
0	哦
0	请问一下现在所有的小规模纳税人嗯一个季度哦开票不超过三十万是不是都不用交税交增值税
0	哦我这边一五年的话有二十份空白发票但是我啊生病但是我这边确定一点我是没有申请过发票的这个我要怎么怎么处理
1	操
0	医疗保险
0	既能克服小声请问您想咨询什么味
0	人工服务
0	也不用了
0	思明区国税局办税服务厅
0	额房产交易过户的税点
0	如附加税的话那个本期已缴了费是要填吗
0	唉算了蚌埠
0	就是那个自然人开房租发票的人是要怎样做爱怎样操作
0	代开专票的复核人怎么更改
0	薛雨泽社保卡是从哪张银行代扣的
0	不能说的
0	我这个病人是医保卡本本来医保卡是要变成要换一个边听歌医保卡
0	嗯已经是已经申报了然后要更改申报要怎么操作
0	我想咨询一下小孩子的社保具体是大概要几号才扣
0	变更法人手机号
0	这个没啥用怎么进到人工服务里发现它不是怎么进的那是必须的
0	你好我想问一下那个会没票能开多少金额一张发票然后我一个季度开三十万是怎么操作的
0	喂你好我想问一下我嘞个自然人那个里面我这里面人员信息是分销的但是我进去报税的时候工资薪金说的那个天蝎的时候面瘫的危险人员的只能后悔死哎
0	报税盘被锁死的话要怎么处理
1	操他妈的
0	就是说我应该交社保但是我现在又要补缴四月份的社保怎么补缴
0	转人工
0	嗯请问诶诶小诶小规模如果是那个额就是十二个月累积开票额超过五百万的话是不是必须额转成一般纳税人
0	我我
0	申请营业执照的病人感到
0	出口专票你知道吗出口发票
1	你是猪吗
0	一般纳税人发票票种核定申请流程
0	我需要查我如何补社保
0	我想查一下那个厕宝
0	林肯公园手机的电源键中间那里有个自己也有吗
0	文化建设税
0	这个月怎么没扣
0	转人工服务
1	大笨蛋
1	滚
0	对
0	小孩子他以前都在初中读的时候一直保持初中学校绑定银行卡扣现在换了高中是高中考绑定银行卡但是目前为止还没有扣掉
0	我的故事发不了
0	抱抱社保
1	按你妹
0	开发票的事宜
0	变更税务
0	您好我想咨询一下如果饿车辆购置税在异地买在其他在本地上户这样可以吗
0	今天死机了吗
0	请问十二万以上的个人还需要申报年度
0	不喜欢就尴尬了呀
0	二零一七年的企业所得税涉及到的结果补税的应该如何操作
0	就是社保卡小孩子的社保卡的代扣账号
0	一定要转个人劳动所得
0	要在哪里可以查看到那个企业应缴纳的税种
0	转人工
0	哎你好我要去柜台办理那个取消一笔残疾人就业保障金需要带什么资料吗
0	我想问你一下就是我有绑定那个医保银行代扣但是代购的那一天诶银行卡账户余额不足没有扣款成功这个应该怎么办
0	我说我添加了一个税种但是这边开票显示不出来
0	外地户口三五房产税
0	高血压
1	你搞不懂你就转人工智能机器人有屌用
0	你好
0	你好我是查询一下我那个上个月给小孩报了办的那张那个社保卡现在有没有交费成功了
0	缴费怎么交呀
0	社保卡
0	增值税申报表报错了网络申报错误了怎么去更正啊需要填什么资料啊
0	没有先转人工服务
0	人工服务
0	你好我想继续发票验旧是该怎么操作了
0	哎你好我想问一下咱们宝里面显示的是除了珍宝还有那个谁还记得那时候他现在的女人尼玛教练不通过是怎么回事
0	新卡
0	嗯
0	儿童医保
0	嗯
0	我想问问一下你们那个国家那个电子税务局的为什么总是查不到那个个人所得税的垃圾订单呢
0	个体工商户年度申报怎么申报
0	我想请问一下那个医保个人缴交要改成那个公司缴交要到哪里办理
0	呃我与我说公司要按那个税控机的话应该是什么啊大概多长时间能按好
0	地税
0	就是在税务局网站上打印社保证明目前是网上下载的那个那个文件是打不开不是我的就是我直接打印的时候他有个下载打印啊但是那个东西下载完以后一直都打不开
0	对不起您已多次操作超时如有需要重新拨打感谢您的来电再见
0	嗯我想问一下银行账户变更应该怎么操作
0	税控盘申领发票跟网页申领发票有什么区别
0	嗯广西那个自习室能梦见网上申报
0	不过气幸福如何申报纳税
0	纳税
0	喂你好
0	连供
0	坏蛋计提坏账备案怎么备案
0	转人工
1	烦死了啥都不会来咨询
0	想请问现在代开股票的话收费的老师直接在这里工作还是需要去窗口呢
0	我现在申报第一季度的企业所得税按以后它提示说上期未申报征收项目企业所得税税
0	在人员信息采集这个界面里面有两个人员是一直处在带包送带验证的状态但是实际上刚刚已经操作过以及是报送成功了的为什么这个界面上还是显示的有袋包装好的验证这个是什么问题
0	我要人工服务
0	啊不用退出
0	税务变更需要哪些资料
0	我要问增值税填报
0	对手的税
0	哎你好我想咨询一下就是呃企业所得税退税申办到无纸化这边这个需要怎么操作呢
0	那个个税申报系统的密码进不去
0	是哦但是被吓死了后来我才知道等五分钟差不多就会来啊
0	真正的啊
0	朝阳光
0	哇哦
1	什么狗屁智能客服
0	那个税种这边那个口令锁死的
0	人工服务
0	车船税的交付情况
0	你好我想问一下四月一号自己说掉木那个公仔是顺利的话这样了之后对开票有什么变化吗就是开发票的时候操作上有变化吗
0	等下我给我人工服务
1	傻逼你
0	我在啊
0	我现在你那个世界猜错了怎么办我本来是开四点我现在该男子三十岁点了怎么办
0	嗯我想问下那个蠢货过期报废的话是不是可以税前列支
0	为你好那个就是额我那个生产经营所得是帮不了刚才又打客服他说要打那个号码是五一一零三八五吗
0	一转人工
0	嗯我想问一下就是嗯因为我们那个
0	昆山医保是几月份扣费
0	妈的你妈有你个头啊我醒了一起的
0	哦你好是这样子啊我报企业所得税减免这个适合跳不出来
0	哦
0	哎我想问一下那个四十岁时有百分之十就转到百分之十三我申报应该怎么操作
0	我想问一下就是这个月的医保社保这边代扣就是说有扣走了吗
0	微信支付要发票的里面能设置吗
0	日出日落怎么会操作
0	增值税
0	现在的
0	未必好事我不知道哪个该进窝总共十九站但是我把我送只好外都只有巴掌在这个中国申报中获胜综合所得城堡的两个高度啊都只有八人都喝不起我不晓得一个人该啷个七
0	冒一些企业转生产型企业的就是操作流程
0	专业市场个体工商户个人所得税
0	哎外地户口三无人员需要不需要交房产税
0	我想咨询购票的问题
0	我这边发票开错地址已经拿过去国税局那边作废了作废过后我现在又要重新开需要多长时间可以重新再开发票
0	请问个税那个专项附加社区里面那个继续教育这个时间怎么算啊他是有教育部门那个登记的时间那个时间就是从什么时候开始到什么时候结束额这个时间怎么去查呢
0	我想了解的是首保哎
0	你爸妈死了工程款的转一发是交几个点
1	傻帽
0	诶你好我想咨询一下就是我现在有一家合作单位然后以前合作的他一直没给我们开发票这个文件夹怎么操作
0	现在到
0	新手怎么报税
0	一九年零九年以前的固定资产进项税
0	说道年报
0	增值税进项发票丢失区号额做什么操作
0	启用电子税务局
1	好吧你去死吧
0	嗯就是零八版通话变换第六版的流程是怎么上传身份证都上传不了
0	嗯我想问一下参保条件
0	怎么问我想请问去年升大学的没有生病过后没有上大学的孩子医保卡今年是自己交还是学校统一交
0	南通红
0	发票领购簿办理流程
0	一看就是东西欺负了那个企业所得税在时代电子税务局申报吗
0	讲笑吧票
1	你是王八蛋
0	个体经营所得税申报
1	你大爷
0	系统出现异常请联系运维人员或稍后重试
0	不需要转人吧
0	我想问一下我的那个申报表嗯在那个一二三六六上面申报的报表打印为什么打印不出来
0	喂
0	好你好我想给你哈我试了一下然后把它收不到保期内到期啊那个那个查询的
0	我想要咨询一下啊营业执照我就是的话要怎么注册注销掉
0	我想吃屎咨询现在个人开发票还可以去国税窗口拜该吗
0	发票
0	睡觉睡的表达你不出来
0	喂你好我们是哪个狗区别嗯能不能那个他那个点漂啊还有有内个电话回家没有电话还有财富卡那个吧
0	我现在填表申报然后保存不了是什么原因呢但是我没有超额
0	肝功
0	哦发票
0	哎
0	个人缴纳社保
0	我在
0	我的企业所得税交多了怎么办
0	你好我那个想把公司的那个基本户绑定在那个扣税账户是怎么操作的呀
0	转人工
0	个体户的生产经营所得如何上缴如何操作
0	金税三期新增人员的累计减除费用为零
0	我想问一下惠州那边
0	帮我查一下我这个月的社保有没有扣
0	社保已扣款但金额不一致
0	喂你好我是陕西宝鸡的我们这边开出去的一张增值税专用发票让快递公司给丢失了现在给那怎么处理呀就是给你们深圳开的我们这边怎么处理你们那边才能够接收抵扣
1	叫我换个屁换
0	红字信息发红字信息表开错了需要如何作废
0	未遂
0	不过转接人工服务
0	你好我这边就是暂时先把的时候点那个保存一个表它会出现开机服务不断长发票五对应科目顺路保存不了是什么原因
0	增值税报表二第四项本区用于抵扣的旅客运输服务扣税凭证无法填写注册
0	怎么查发票
0	这是起征点是多少
0	转人工
0	不缴附加费怎么样操作
1	笨死了还是
0	人长的像一个我们公司的那个哦报税还有什么是你抱抱
0	你那个火车票跟那个飞机票是不是可以直接抵扣啊腾讯的企业怎么操作为这个
0	是不是向往厦门哪个税务局都可以领发票
0	你好问一下那个办税员变更需需要那个以前那个旧的身份证吗
0	诶你好现在那个呃分支机构在当地没有经营只是作为一根硕和售后服务的联络点啊像这种是不是可以不申报这个
0	
0	我在申报客户单申报企业所得税时按下载核定信息提示我以前年度有多条有效弥补亏损台帐数据信息
0	转人工
0	喂你好哎我问一下这是我那个年报他那个弥补亏损的时候那个18年他老是不出来然后那个呃系统老是提示我报的不对减免优惠那个什么也不也不能跳出来这个怎么操作啊
0	那不是要直接转人工
0	转神功
0	你把卡的户籍病根
0	企业所得税汇总纳税分支机构分配比例表
0	哦你好我问一下那个易建联现在怎么操作
1	滚吧
0	社保补交深圳这边交的吗
0	做爱人
0	我想要把听原版升级为万元版我要怎么操作
0	您好我是小规模纳税人想开增值税专用发票请问这个税点什么是多少
0	转人工
0	怎么打小孩子的社保有没有交
0	错
0	发票购勾选这个为什么进不去怎么办
0	社医保查询
0	喂
0	哦普票代开
0	那我这个增值税没有这个建筑行业税种是否要去国税那边增加还是网上可以操作
0	这个星期这个地址最后就要从哪个网页进去
0	以后要好好珍惜
0	嗯请问那个建筑业的那个呃简易征收的话是不是三个点的那个顺利
0	我为什么不能报增值税啊
0	学生为了防止打不起来是啥子原因啊
0	社保问题
0	税款的酒店需要必须要去所在税务局扣款吗
0	一社保开户需要的资料
0	验旧怎么样
0	我问一下六月份的社保费用有扣了吗
0	十六个点改为十三个点的过渡期是多久
0	嗯幼师税局代开的普通发票要怎么操作
0	转人工服务
0	我的开票那个就是那个什么
0	我想请问一下这个纳税申报表的这个地方要填的一般收入在哪个地方
1	烦死了
0	纳税人可以扣除的每年的大病医疗的限额标准是多少
0	转人工
0	价格
0	不冷呢
0	壮阳功
0	一一卡通代缴费的那个什么时候扣费
1	滚
0	我想请问一下那个个税百分之二返还但这个电子税务局要怎么操作
0	自然人扣款的系统里面导入
0	啊要人工来
0	我的妈呀出去旅游你不能搞都这么成熟了是吗转人工
0	变更
0	我想找员工服务
0	哦问一下那个十二万超十二万的个税是暴血直到三月底吗
0	我这个手机好吗那个为啥是比猪蹄嘞
0	个人出租房屋税能在百度提交吗
0	企业所得税年度申报系统出现异常
0	哦
0	哦
0	你好我问一下就是代开的增值税专用发票怎么去作废呢
0	干了一天的烂痞子我抽烟时嘴上把上面撒的药都觉得很冷吗
0	发票申领
0	咨询一下个人所得税大病医疗圈上底裤是什么歌扣除
0	我想问一下就是
0	不
0	我想查询一下我在单位医保卡的缴费记录吗
0	企业做了一张地税软件回血之后企业所得税有没有简便
0	人工湖
0	嗯我想问一下那个呃那个被税费总认定在哪里操作
0	今年农村低保多少钱
0	人工服务
0	发票那个票种核定是怎么样操作
0	这样的员工
0	涨人工
0	皇宫
0	嗯曝光跟退税时间那个
0	七岁
0	哦
0	我申报生产经营者个税的时候总是提示信息说当前企业为获取到有效的投资者信息请先到办税服务厅进行投资者分配比例维护后再获取我到这个办税服务厅是电子网上电子办税服务厅我找不着了投资者分配比例维护还是必须得到当地的就是服务厅进行投资者分配比例维护
0	没有
0	怎么才能去哟二手车发票开具的资格
0	喂你好我想请问一下那个个税哦难点请问需要怎么那个操作呀
0	人工服务
1	嗯废物
0	那你就要求
0	哦我想问一下就是一般纳税人每个月一般都那的是哪十岁
1	你妹的
0	哦我要问一下那个就是个体的怎么申报他说有这个网没有申报税的不知道个体和什么什么税
0	我现在要把之前申请的股票现在要再把它作废掉请问在哪里做爱
0	我想问一下付佣金的话是不是要到你们税务部门去缴税
0	怎麽办呢票种核定
0	哦我想要咨询那个关于粤港澳大湾区个人所得税优惠政策的就是这个你妹正和关于啊境外高端人才和紧缺人才的认定和补贴办法这个这起有没有什么新的一些规定出来或者说就是有没有限行的规定出来
0	新工资个税申报
0	所得税税总认定没有认定
0	一八岁的华妃怎么转啊
0	听到了异常
0	查验
0	电子税务局办理之后应该怎么处理后面
0	个税申报的安装包怎么不见了找不到去哪里下载
0	你好我这个这个电脑重装了系统我比你原先那个系统不见了要要怎样重装
0	小家伙我想咨询一下就是操作那个个税手续费申请应该从哪个界面进去
0	首次申请十万位发票被网上怎样操作
1	哎呀我草你妈的
0	我市城乡医保缴费的问题
0	投资者分配比例维护
0	想查询一下农村的一个宝那个钱也没有交进去到帐没有
0	转人工服务谢谢
0	人工
0	转人工
0	就是我想补交一八年九月和十月的社保
0	个体工商户免税额度申报
0	碎盘锁死需要姐睡哦需要显卡
0	哼
